CharacterA,CharacterB,Frequencies
高俅,蔡京,29
高俅,童贯,31
高俅,杨戬,28
高俅,朱武,1
高俅,鲁智深,2
高俅,李忠,1
高俅,林冲,10
高俅,柴进,5
高俅,杨志,3
高俅,索超,1
高俅,朱仝,4
高俅,雷横,2
高俅,刘唐,1
高俅,吴用,19
高俅,阮小七,4
高俅,公孙胜,4
高俅,白胜,2
高俅,曹正,1
高俅,宋江,51
高俅,宋清,4
高俅,张青,2
高俅,郑天寿,1
高俅,花荣,5
高俅,黄信,1
高俅,秦明,2
高俅,吕方,2
高俅,郭盛,2
高俅,李俊,3
高俅,童威,1
高俅,童猛,1
高俅,薛永,1
高俅,张横,3
高俅,穆春,1
高俅,戴宗,12
高俅,李逵,8
高俅,张顺,4
高俅,萧让,7
高俅,金大坚,1
高俅,欧鹏,2
高俅,蒋敬,1
高俅,马麟,2
高俅,李云,1
高俅,杨林,4
高俅,邓飞,2
高俅,裴宣,1
高俅,杨雄,4
高俅,石秀,4
高俅,杜兴,3
高俅,李应,2
高俅,扈三娘,1
高俅,解珍,1
高俅,解宝,1
高俅,乐和,6
高俅,顾大嫂,2
高俅,邹润,1
高俅,孙立,3
高俅,汤隆,1
高俅,呼延灼,2
高俅,凌振,1
高俅,樊瑞,2
高俅,项充,1
高俅,李衮,1
高俅,卢俊义,16
高俅,燕青,7
高俅,蔡庆,1
高俅,关胜,2
高俅,安道全,3
高俅,鲍旭,1
高俅,董平,2
高俅,张清,3
高俅,皇甫端,1
蔡京,童贯,38
蔡京,杨戬,20
蔡京,朱武,2
蔡京,柴进,3
蔡京,朱贵,2
蔡京,杨志,5
蔡京,朱仝,1
蔡京,吴用,14
蔡京,阮小二,1
蔡京,阮小七,2
蔡京,公孙胜,1
蔡京,宋江,31
蔡京,宋清,3
蔡京,花荣,3
蔡京,黄信,3
蔡京,石勇,1
蔡京,穆春,1
蔡京,戴宗,6
蔡京,李逵,10
蔡京,萧让,3
蔡京,金大坚,1
蔡京,蒋敬,1
蔡京,李云,2
蔡京,杨林,2
蔡京,裴宣,1
蔡京,时迁,5
蔡京,杜兴,2
蔡京,李应,2
蔡京,乐和,3
蔡京,顾大嫂,1
蔡京,邹润,1
蔡京,孙立,3
蔡京,呼延灼,1
蔡京,凌振,1
蔡京,樊瑞,1
蔡京,段景住,1
蔡京,卢俊义,8
蔡京,蔡庆,1
蔡京,宣赞,9
蔡京,关胜,11
蔡京,郝思文,9
蔡京,王定六,2
蔡京,安道全,2
蔡京,焦挺,5
蔡京,单廷,5
蔡京,魏定国,5
蔡京,鲍旭,5
蔡京,张清,1
蔡京,皇甫端,1
童贯,杨戬,20
童贯,史进,2
童贯,朱武,2
童贯,鲁智深,2
童贯,柴进,3
童贯,杨志,2
童贯,索超,3
童贯,朱仝,5
童贯,雷横,6
童贯,刘唐,2
童贯,吴用,12
童贯,阮小七,2
童贯,公孙胜,3
童贯,宋江,41
童贯,宋清,3
童贯,武松,2
童贯,花荣,4
童贯,黄信,1
童贯,秦明,7
童贯,穆春,1
童贯,戴宗,7
童贯,李逵,11
童贯,张顺,2
童贯,萧让,2
童贯,金大坚,1
童贯,蒋敬,1
童贯,杨林,1
童贯,裴宣,2
童贯,杨雄,2
童贯,石秀,2
童贯,杜兴,2
童贯,李应,2
童贯,解珍,2
童贯,解宝,2
童贯,乐和,1
童贯,顾大嫂,1
童贯,邹润,1
童贯,孙立,1
童贯,呼延灼,4
童贯,凌振,1
童贯,徐宁,1
童贯,樊瑞,4
童贯,项充,2
童贯,李衮,2
童贯,卢俊义,14
童贯,燕青,2
童贯,蔡庆,1
童贯,宣赞,2
童贯,关胜,6
童贯,郝思文,2
童贯,安道全,2
童贯,单廷,1
童贯,魏定国,1
童贯,鲍旭,1
童贯,董平,4
童贯,张清,6
童贯,龚旺,3
童贯,丁得孙,3
童贯,皇甫端,1
杨戬,朱武,1
杨戬,柴进,3
杨戬,朱仝,1
杨戬,吴用,5
杨戬,阮小七,4
杨戬,公孙胜,1
杨戬,宋江,21
杨戬,宋清,4
杨戬,花荣,3
杨戬,黄信,1
杨戬,穆春,1
杨戬,戴宗,5
杨戬,李逵,5
杨戬,萧让,2
杨戬,金大坚,1
杨戬,蒋敬,1
杨戬,杨林,1
杨戬,裴宣,1
杨戬,杜兴,2
杨戬,李应,2
杨戬,乐和,1
杨戬,顾大嫂,1
杨戬,邹润,1
杨戬,孙立,1
杨戬,呼延灼,1
杨戬,凌振,1
杨戬,樊瑞,1
杨戬,卢俊义,10
杨戬,蔡庆,1
杨戬,关胜,2
杨戬,安道全,3
杨戬,张清,1
杨戬,皇甫端,1
史进,朱武,35
史进,陈达,32
史进,杨春,29
史进,鲁智深,31
史进,李忠,16
史进,周通,11
史进,林冲,9
史进,柴进,17
史进,朱贵,5
史进,杜迁,6
史进,宋万,6
史进,杨志,29
史进,索超,15
史进,朱仝,34
史进,雷横,11
史进,刘唐,19
史进,吴用,43
史进,阮小二,6
史进,阮小五,6
史进,阮小七,5
史进,公孙胜,15
史进,白胜,6
史进,曹正,6
史进,宋江,70
史进,宋清,3
史进,武松,31
史进,张青,11
史进,施恩,13
史进,孔明,15
史进,孔亮,14
史进,燕顺,13
史进,王英,6
史进,郑天寿,3
史进,花荣,40
史进,黄信,17
史进,秦明,22
史进,吕方,12
史进,郭盛,12
史进,石勇,5
史进,李立,7
史进,李俊,20
史进,童威,5
史进,童猛,5
史进,薛永,7
史进,张横,8
史进,穆弘,31
史进,穆春,4
史进,戴宗,19
史进,李逵,19
史进,张顺,15
史进,萧让,5
史进,金大坚,3
史进,侯健,4
史进,欧鹏,16
史进,蒋敬,6
史进,马麟,12
史进,陶宗旺,4
史进,朱富,3
史进,李云,6
史进,杨林,10
史进,邓飞,12
史进,孟康,3
史进,裴宣,7
史进,杨雄,19
史进,石秀,19
史进,时迁,11
史进,杜兴,8
史进,李应,23
史进,扈三娘,5
史进,解珍,19
史进,解宝,20
史进,乐和,5
史进,顾大嫂,17
史进,邹渊,8
史进,邹润,6
史进,孙立,21
史进,汤隆,7
史进,呼延灼,24
史进,韩滔,12
史进,彭圯,2
史进,凌振,9
史进,徐宁,19
史进,樊瑞,12
史进,项充,17
史进,李衮,17
史进,段景住,6
史进,卢俊义,25
史进,燕青,13
史进,蔡福,5
史进,蔡庆,5
史进,宣赞,10
史进,关胜,9
史进,郝思文,9
史进,王定六,4
史进,安道全,7
史进,焦挺,3
史进,单廷,8
史进,魏定国,10
史进,鲍旭,10
史进,郁保四,6
史进,董平,21
史进,张清,13
史进,龚旺,3
史进,丁得孙,5
史进,皇甫端,4
朱武,陈达,22
朱武,杨春,32
朱武,鲁智深,24
朱武,李忠,13
朱武,周通,11
朱武,林冲,9
朱武,柴进,11
朱武,朱贵,6
朱武,杜迁,7
朱武,宋万,6
朱武,杨志,18
朱武,索超,5
朱武,朱仝,18
朱武,雷横,8
朱武,刘唐,10
朱武,吴用,45
朱武,阮小二,4
朱武,阮小五,6
朱武,阮小七,6
朱武,公孙胜,18
朱武,白胜,7
朱武,曹正,8
朱武,宋江,59
朱武,宋清,3
朱武,武松,23
朱武,张青,7
朱武,施恩,12
朱武,孔明,14
朱武,孔亮,16
朱武,燕顺,7
朱武,王英,2
朱武,郑天寿,4
朱武,花荣,27
朱武,黄信,14
朱武,秦明,23
朱武,吕方,11
朱武,郭盛,11
朱武,石勇,5
朱武,李立,13
朱武,李俊,16
朱武,童威,5
朱武,童猛,5
朱武,薛永,6
朱武,张横,6
朱武,穆弘,11
朱武,穆春,6
朱武,戴宗,22
朱武,李逵,10
朱武,张顺,13
朱武,萧让,8
朱武,金大坚,4
朱武,侯健,3
朱武,欧鹏,14
朱武,蒋敬,7
朱武,马麟,3
朱武,陶宗旺,4
朱武,朱富,5
朱武,李云,6
朱武,杨林,6
朱武,邓飞,7
朱武,孟康,3
朱武,裴宣,5
朱武,杨雄,12
朱武,石秀,12
朱武,时迁,11
朱武,杜兴,4
朱武,李应,13
朱武,扈三娘,1
朱武,解珍,13
朱武,解宝,14
朱武,乐和,8
朱武,顾大嫂,6
朱武,邹渊,3
朱武,邹润,4
朱武,孙立,16
朱武,汤隆,7
朱武,呼延灼,29
朱武,韩滔,5
朱武,彭圯,1
朱武,凌振,8
朱武,徐宁,14
朱武,樊瑞,12
朱武,项充,11
朱武,李衮,11
朱武,段景住,6
朱武,卢俊义,41
朱武,燕青,9
朱武,蔡福,2
朱武,蔡庆,3
朱武,宣赞,3
朱武,关胜,4
朱武,郝思文,3
朱武,王定六,3
朱武,安道全,6
朱武,焦挺,3
朱武,单廷,5
朱武,魏定国,7
朱武,鲍旭,3
朱武,郁保四,2
朱武,董平,6
朱武,张清,8
朱武,龚旺,3
朱武,丁得孙,4
朱武,皇甫端,5
陈达,杨春,44
陈达,鲁智深,15
陈达,李忠,17
陈达,周通,16
陈达,林冲,10
陈达,柴进,9
陈达,朱贵,6
陈达,杜迁,9
陈达,宋万,6
陈达,杨志,13
陈达,索超,11
陈达,朱仝,15
陈达,雷横,10
陈达,刘唐,9
陈达,吴用,18
陈达,阮小二,3
陈达,阮小五,3
陈达,阮小七,3
陈达,公孙胜,14
陈达,白胜,7
陈达,曹正,9
陈达,宋江,22
陈达,宋清,2
陈达,武松,14
陈达,张青,11
陈达,施恩,8
陈达,孔明,10
陈达,孔亮,8
陈达,燕顺,12
陈达,王英,4
陈达,郑天寿,8
陈达,花荣,20
陈达,黄信,14
陈达,秦明,21
陈达,吕方,10
陈达,郭盛,10
陈达,石勇,7
陈达,李立,10
陈达,李俊,10
陈达,童威,3
陈达,童猛,3
陈达,薛永,9
陈达,张横,5
陈达,穆弘,12
陈达,穆春,7
陈达,戴宗,14
陈达,李逵,8
陈达,张顺,9
陈达,萧让,4
陈达,金大坚,3
陈达,侯健,4
陈达,欧鹏,19
陈达,蒋敬,3
陈达,马麟,12
陈达,陶宗旺,5
陈达,朱富,5
陈达,李云,6
陈达,杨林,12
陈达,邓飞,17
陈达,孟康,3
陈达,裴宣,3
陈达,杨雄,13
陈达,石秀,14
陈达,时迁,10
陈达,杜兴,5
陈达,李应,9
陈达,扈三娘,2
陈达,解珍,13
陈达,解宝,13
陈达,乐和,5
陈达,顾大嫂,8
陈达,邹渊,11
陈达,邹润,9
陈达,孙立,14
陈达,汤隆,7
陈达,呼延灼,16
陈达,韩滔,15
陈达,彭圯,4
陈达,凌振,7
陈达,徐宁,12
陈达,樊瑞,6
陈达,项充,9
陈达,李衮,9
陈达,段景住,4
陈达,卢俊义,17
陈达,燕青,6
陈达,蔡福,3
陈达,蔡庆,3
陈达,宣赞,9
陈达,关胜,6
陈达,郝思文,9
陈达,王定六,3
陈达,安道全,3
陈达,焦挺,6
陈达,单廷,9
陈达,魏定国,10
陈达,鲍旭,4
陈达,郁保四,3
陈达,董平,6
陈达,张清,6
陈达,龚旺,6
陈达,丁得孙,7
陈达,皇甫端,2
杨春,鲁智深,18
杨春,李忠,17
杨春,周通,16
杨春,林冲,7
杨春,柴进,7
杨春,朱贵,6
杨春,杜迁,7
杨春,宋万,4
杨春,杨志,13
杨春,索超,11
杨春,朱仝,17
杨春,雷横,9
杨春,刘唐,7
杨春,吴用,21
杨春,阮小二,2
杨春,阮小五,2
杨春,阮小七,2
杨春,公孙胜,12
杨春,白胜,6
杨春,曹正,7
杨春,宋江,24
杨春,宋清,2
杨春,武松,16
杨春,张青,9
杨春,施恩,6
杨春,孔明,8
杨春,孔亮,7
杨春,燕顺,11
杨春,王英,4
杨春,郑天寿,7
杨春,花荣,22
杨春,黄信,11
杨春,秦明,21
杨春,吕方,9
杨春,郭盛,9
杨春,石勇,7
杨春,李立,8
杨春,李俊,15
杨春,童威,3
杨春,童猛,3
杨春,薛永,9
杨春,张横,4
杨春,穆弘,9
杨春,穆春,6
杨春,戴宗,16
杨春,李逵,5
杨春,张顺,12
杨春,萧让,4
杨春,金大坚,3
杨春,侯健,3
杨春,欧鹏,16
杨春,蒋敬,3
杨春,马麟,11
杨春,陶宗旺,4
杨春,朱富,5
杨春,李云,5
杨春,杨林,11
杨春,邓飞,14
杨春,孟康,3
杨春,裴宣,2
杨春,杨雄,11
杨春,石秀,13
杨春,时迁,9
杨春,杜兴,3
杨春,李应,11
杨春,扈三娘,2
杨春,解珍,12
杨春,解宝,12
杨春,乐和,4
杨春,顾大嫂,6
杨春,邹渊,9
杨春,邹润,9
杨春,孙立,11
杨春,汤隆,7
杨春,呼延灼,14
杨春,韩滔,12
杨春,彭圯,2
杨春,凌振,6
杨春,徐宁,14
杨春,樊瑞,4
杨春,项充,7
杨春,李衮,7
杨春,段景住,3
杨春,卢俊义,15
杨春,燕青,5
杨春,蔡福,3
杨春,蔡庆,3
杨春,宣赞,8
杨春,关胜,4
杨春,郝思文,9
杨春,王定六,3
杨春,安道全,2
杨春,焦挺,6
杨春,单廷,8
杨春,魏定国,9
杨春,鲍旭,4
杨春,郁保四,3
杨春,董平,6
杨春,张清,6
杨春,龚旺,6
杨春,丁得孙,7
杨春,皇甫端,2
鲁智深,李忠,30
鲁智深,周通,29
鲁智深,林冲,17
鲁智深,柴进,13
鲁智深,朱贵,6
鲁智深,杜迁,9
鲁智深,宋万,7
鲁智深,杨志,44
鲁智深,索超,12
鲁智深,朱仝,40
鲁智深,雷横,13
鲁智深,刘唐,30
鲁智深,吴用,52
鲁智深,阮小二,4
鲁智深,阮小五,4
鲁智深,阮小七,4
鲁智深,公孙胜,22
鲁智深,白胜,4
鲁智深,曹正,18
鲁智深,宋江,151
鲁智深,宋清,4
鲁智深,武松,123
鲁智深,张青,15
鲁智深,施恩,19
鲁智深,孔明,24
鲁智深,孔亮,39
鲁智深,燕顺,13
鲁智深,王英,11
鲁智深,郑天寿,6
鲁智深,花荣,34
鲁智深,黄信,12
鲁智深,秦明,38
鲁智深,吕方,11
鲁智深,郭盛,11
鲁智深,石勇,6
鲁智深,李立,15
鲁智深,李俊,17
鲁智深,童威,6
鲁智深,童猛,6
鲁智深,薛永,6
鲁智深,张横,6
鲁智深,穆弘,19
鲁智深,穆春,9
鲁智深,戴宗,32
鲁智深,李逵,52
鲁智深,张顺,16
鲁智深,萧让,8
鲁智深,金大坚,5
鲁智深,侯健,5
鲁智深,欧鹏,11
鲁智深,蒋敬,8
鲁智深,马麟,12
鲁智深,陶宗旺,4
鲁智深,朱富,3
鲁智深,李云,6
鲁智深,杨林,9
鲁智深,邓飞,9
鲁智深,孟康,5
鲁智深,裴宣,7
鲁智深,杨雄,19
鲁智深,石秀,14
鲁智深,时迁,10
鲁智深,杜兴,9
鲁智深,李应,21
鲁智深,扈三娘,9
鲁智深,解珍,33
鲁智深,解宝,34
鲁智深,乐和,7
鲁智深,顾大嫂,10
鲁智深,邹渊,8
鲁智深,邹润,4
鲁智深,孙立,15
鲁智深,汤隆,10
鲁智深,呼延灼,74
鲁智深,韩滔,21
鲁智深,彭圯,3
鲁智深,凌振,13
鲁智深,徐宁,27
鲁智深,樊瑞,21
鲁智深,项充,27
鲁智深,李衮,24
鲁智深,段景住,7
鲁智深,卢俊义,24
鲁智深,燕青,19
鲁智深,蔡福,5
鲁智深,蔡庆,5
鲁智深,宣赞,8
鲁智深,关胜,15
鲁智深,郝思文,9
鲁智深,王定六,3
鲁智深,安道全,10
鲁智深,焦挺,6
鲁智深,单廷,5
鲁智深,魏定国,5
鲁智深,鲍旭,17
鲁智深,郁保四,9
鲁智深,董平,9
鲁智深,张清,22
鲁智深,龚旺,5
鲁智深,丁得孙,5
鲁智深,皇甫端,7
李忠,周通,38
李忠,林冲,4
李忠,柴进,8
李忠,朱贵,5
李忠,杜迁,9
李忠,宋万,5
李忠,杨志,22
李忠,索超,7
李忠,朱仝,7
李忠,雷横,6
李忠,刘唐,6
李忠,吴用,12
李忠,阮小二,2
李忠,阮小五,2
李忠,阮小七,2
李忠,公孙胜,8
李忠,白胜,8
李忠,曹正,15
李忠,宋江,28
李忠,宋清,2
李忠,武松,22
李忠,张青,10
李忠,施恩,19
李忠,孔明,18
李忠,孔亮,20
李忠,燕顺,8
李忠,王英,3
李忠,郑天寿,10
李忠,花荣,14
李忠,黄信,8
李忠,秦明,16
李忠,吕方,9
李忠,郭盛,7
李忠,石勇,9
李忠,李立,15
李忠,李俊,6
李忠,童威,5
李忠,童猛,5
李忠,薛永,16
李忠,张横,6
李忠,穆弘,9
李忠,穆春,14
李忠,戴宗,10
李忠,李逵,5
李忠,张顺,5
李忠,萧让,4
李忠,金大坚,3
李忠,侯健,3
李忠,欧鹏,15
李忠,蒋敬,3
李忠,马麟,6
李忠,陶宗旺,5
李忠,朱富,5
李忠,李云,8
李忠,杨林,11
李忠,邓飞,11
李忠,孟康,4
李忠,裴宣,2
李忠,杨雄,10
李忠,石秀,7
李忠,时迁,10
李忠,杜兴,7
李忠,李应,6
李忠,扈三娘,1
李忠,解珍,11
李忠,解宝,12
李忠,乐和,4
李忠,顾大嫂,8
李忠,邹渊,11
李忠,邹润,9
李忠,孙立,9
李忠,汤隆,11
李忠,呼延灼,22
李忠,韩滔,18
李忠,彭圯,2
李忠,凌振,4
李忠,徐宁,10
李忠,樊瑞,5
李忠,项充,6
李忠,李衮,6
李忠,段景住,3
李忠,卢俊义,11
李忠,燕青,5
李忠,蔡福,2
李忠,蔡庆,2
李忠,宣赞,5
李忠,关胜,1
李忠,郝思文,5
李忠,王定六,3
李忠,安道全,2
李忠,焦挺,5
李忠,单廷,6
李忠,魏定国,6
李忠,鲍旭,5
李忠,郁保四,3
李忠,董平,7
李忠,张清,8
李忠,龚旺,6
李忠,丁得孙,7
李忠,皇甫端,2
周通,林冲,4
周通,柴进,7
周通,朱贵,5
周通,杜迁,8
周通,宋万,5
周通,杨志,27
周通,索超,11
周通,朱仝,8
周通,雷横,11
周通,刘唐,7
周通,吴用,12
周通,阮小二,2
周通,阮小五,2
周通,阮小七,2
周通,公孙胜,7
周通,白胜,8
周通,曹正,13
周通,宋江,31
周通,宋清,2
周通,武松,23
周通,张青,10
周通,施恩,15
周通,孔明,17
周通,孔亮,18
周通,燕顺,10
周通,王英,3
周通,郑天寿,7
周通,花荣,12
周通,黄信,9
周通,秦明,17
周通,吕方,10
周通,郭盛,8
周通,石勇,8
周通,李立,13
周通,李俊,5
周通,童威,4
周通,童猛,4
周通,薛永,8
周通,张横,5
周通,穆弘,9
周通,穆春,10
周通,戴宗,10
周通,李逵,7
周通,张顺,5
周通,萧让,3
周通,金大坚,3
周通,侯健,3
周通,欧鹏,15
周通,蒋敬,3
周通,马麟,8
周通,陶宗旺,5
周通,朱富,5
周通,李云,5
周通,杨林,18
周通,邓飞,14
周通,孟康,4
周通,裴宣,2
周通,杨雄,10
周通,石秀,5
周通,时迁,9
周通,杜兴,5
周通,李应,5
周通,扈三娘,2
周通,解珍,12
周通,解宝,13
周通,乐和,4
周通,顾大嫂,9
周通,邹渊,10
周通,邹润,8
周通,孙立,10
周通,汤隆,12
周通,呼延灼,27
周通,韩滔,22
周通,彭圯,2
周通,凌振,4
周通,徐宁,11
周通,樊瑞,5
周通,项充,5
周通,李衮,5
周通,段景住,3
周通,卢俊义,13
周通,燕青,5
周通,蔡福,3
周通,蔡庆,3
周通,宣赞,8
周通,关胜,4
周通,郝思文,9
周通,王定六,3
周通,安道全,2
周通,焦挺,6
周通,单廷,5
周通,魏定国,6
周通,鲍旭,4
周通,郁保四,2
周通,董平,12
周通,张清,13
周通,龚旺,11
周通,丁得孙,7
周通,皇甫端,2
林冲,柴进,61
林冲,朱贵,20
林冲,杜迁,17
林冲,宋万,16
林冲,杨志,13
林冲,索超,13
林冲,朱仝,28
林冲,雷横,17
林冲,刘唐,15
林冲,吴用,68
林冲,阮小二,10
林冲,阮小五,10
林冲,阮小七,14
林冲,公孙胜,29
林冲,白胜,23
林冲,曹正,7
林冲,宋江,89
林冲,宋清,3
林冲,武松,8
林冲,张青,8
林冲,施恩,7
林冲,孔明,7
林冲,孔亮,6
林冲,燕顺,9
林冲,王英,2
林冲,郑天寿,4
林冲,花荣,43
林冲,黄信,14
林冲,秦明,45
林冲,吕方,20
林冲,郭盛,21
林冲,石勇,5
林冲,李立,6
林冲,李俊,19
林冲,童威,5
林冲,童猛,4
林冲,薛永,6
林冲,张横,17
林冲,穆弘,10
林冲,穆春,3
林冲,戴宗,28
林冲,李逵,42
林冲,张顺,20
林冲,萧让,3
林冲,金大坚,2
林冲,侯健,2
林冲,欧鹏,17
林冲,蒋敬,2
林冲,马麟,9
林冲,陶宗旺,3
林冲,朱富,2
林冲,李云,6
林冲,杨林,27
林冲,邓飞,13
林冲,孟康,2
林冲,裴宣,5
林冲,杨雄,12
林冲,石秀,12
林冲,时迁,9
林冲,杜兴,4
林冲,李应,7
林冲,扈三娘,5
林冲,解珍,8
林冲,解宝,8
林冲,乐和,7
林冲,顾大嫂,8
林冲,邹渊,3
林冲,邹润,1
林冲,孙立,24
林冲,汤隆,13
林冲,呼延灼,38
林冲,韩滔,16
林冲,彭圯,15
林冲,凌振,8
林冲,徐宁,13
林冲,樊瑞,19
林冲,项充,18
林冲,李衮,18
林冲,段景住,8
林冲,卢俊义,9
林冲,燕青,10
林冲,蔡福,3
林冲,蔡庆,3
林冲,宣赞,11
林冲,关胜,20
林冲,郝思文,7
林冲,王定六,2
林冲,安道全,2
林冲,焦挺,2
林冲,单廷,4
林冲,魏定国,4
林冲,鲍旭,2
林冲,郁保四,3
林冲,董平,10
林冲,张清,6
林冲,龚旺,5
林冲,丁得孙,5
林冲,皇甫端,1
柴进,朱贵,8
柴进,杜迁,12
柴进,宋万,10
柴进,杨志,7
柴进,索超,6
柴进,朱仝,56
柴进,雷横,22
柴进,刘唐,14
柴进,吴用,53
柴进,阮小二,4
柴进,阮小五,4
柴进,阮小七,8
柴进,公孙胜,25
柴进,白胜,21
柴进,曹正,8
柴进,宋江,164
柴进,宋清,8
柴进,武松,24
柴进,张青,10
柴进,施恩,16
柴进,孔明,12
柴进,孔亮,10
柴进,燕顺,8
柴进,王英,4
柴进,郑天寿,6
柴进,花荣,41
柴进,黄信,12
柴进,秦明,29
柴进,吕方,18
柴进,郭盛,19
柴进,石勇,6
柴进,李立,6
柴进,李俊,17
柴进,童威,7
柴进,童猛,7
柴进,薛永,9
柴进,张横,11
柴进,穆弘,20
柴进,穆春,11
柴进,戴宗,48
柴进,李逵,107
柴进,张顺,25
柴进,萧让,11
柴进,金大坚,4
柴进,侯健,3
柴进,欧鹏,14
柴进,蒋敬,7
柴进,马麟,9
柴进,陶宗旺,5
柴进,朱富,4
柴进,李云,6
柴进,杨林,26
柴进,邓飞,12
柴进,孟康,5
柴进,裴宣,7
柴进,杨雄,17
柴进,石秀,18
柴进,时迁,11
柴进,杜兴,9
柴进,李应,30
柴进,扈三娘,4
柴进,解珍,17
柴进,解宝,16
柴进,乐和,9
柴进,顾大嫂,12
柴进,邹渊,11
柴进,邹润,5
柴进,孙立,17
柴进,汤隆,17
柴进,呼延灼,28
柴进,韩滔,10
柴进,彭圯,4
柴进,凌振,8
柴进,徐宁,10
柴进,樊瑞,12
柴进,项充,11
柴进,李衮,11
柴进,段景住,4
柴进,卢俊义,25
柴进,燕青,59
柴进,蔡福,15
柴进,蔡庆,12
柴进,宣赞,6
柴进,关胜,21
柴进,郝思文,6
柴进,王定六,3
柴进,安道全,8
柴进,焦挺,3
柴进,单廷,7
柴进,魏定国,7
柴进,鲍旭,3
柴进,郁保四,2
柴进,董平,10
柴进,张清,13
柴进,龚旺,4
柴进,丁得孙,4
柴进,皇甫端,6
朱贵,杜迁,19
朱贵,宋万,21
朱贵,杨志,7
朱贵,索超,4
朱贵,朱仝,8
朱贵,雷横,10
朱贵,刘唐,12
朱贵,吴用,21
朱贵,阮小二,6
朱贵,阮小五,5
朱贵,阮小七,6
朱贵,公孙胜,9
朱贵,白胜,10
朱贵,曹正,5
朱贵,宋江,23
朱贵,宋清,5
朱贵,武松,6
朱贵,张青,6
朱贵,施恩,4
朱贵,孔明,6
朱贵,孔亮,4
朱贵,燕顺,7
朱贵,王英,4
朱贵,郑天寿,6
朱贵,花荣,6
朱贵,黄信,7
朱贵,秦明,5
朱贵,吕方,8
朱贵,郭盛,9
朱贵,石勇,9
朱贵,李立,7
朱贵,李俊,5
朱贵,童威,5
朱贵,童猛,6
朱贵,薛永,5
朱贵,张横,5
朱贵,穆弘,8
朱贵,穆春,6
朱贵,戴宗,17
朱贵,李逵,19
朱贵,张顺,4
朱贵,萧让,7
朱贵,金大坚,7
朱贵,侯健,7
朱贵,欧鹏,5
朱贵,蒋敬,6
朱贵,马麟,3
朱贵,陶宗旺,4
朱贵,朱富,17
朱贵,李云,11
朱贵,杨林,7
朱贵,邓飞,4
朱贵,孟康,5
朱贵,裴宣,4
朱贵,杨雄,6
朱贵,石秀,3
朱贵,时迁,11
朱贵,杜兴,6
朱贵,李应,5
朱贵,扈三娘,2
朱贵,解珍,8
朱贵,解宝,8
朱贵,乐和,10
朱贵,顾大嫂,8
朱贵,邹渊,4
朱贵,邹润,4
朱贵,孙立,7
朱贵,汤隆,7
朱贵,呼延灼,7
朱贵,韩滔,4
朱贵,彭圯,2
朱贵,凌振,4
朱贵,徐宁,6
朱贵,樊瑞,4
朱贵,项充,5
朱贵,李衮,5
朱贵,段景住,5
朱贵,卢俊义,4
朱贵,燕青,3
朱贵,蔡福,3
朱贵,蔡庆,3
朱贵,宣赞,4
朱贵,关胜,3
朱贵,郝思文,4
朱贵,王定六,7
朱贵,安道全,4
朱贵,焦挺,4
朱贵,单廷,5
朱贵,魏定国,6
朱贵,鲍旭,5
朱贵,郁保四,3
朱贵,董平,3
朱贵,张清,4
朱贵,龚旺,3
朱贵,丁得孙,3
朱贵,皇甫端,3
杜迁,宋万,41
杜迁,杨志,7
杜迁,索超,4
杜迁,朱仝,6
杜迁,雷横,7
杜迁,刘唐,21
杜迁,吴用,16
杜迁,阮小二,8
杜迁,阮小五,10
杜迁,阮小七,8
杜迁,公孙胜,11
杜迁,白胜,12
杜迁,曹正,8
杜迁,宋江,19
杜迁,宋清,4
杜迁,武松,9
杜迁,张青,10
杜迁,施恩,8
杜迁,孔明,8
杜迁,孔亮,7
杜迁,燕顺,10
杜迁,王英,3
杜迁,郑天寿,12
杜迁,花荣,8
杜迁,黄信,9
杜迁,秦明,9
杜迁,吕方,9
杜迁,郭盛,9
杜迁,石勇,20
杜迁,李立,9
杜迁,李俊,4
杜迁,童威,6
杜迁,童猛,6
杜迁,薛永,10
杜迁,张横,5
杜迁,穆弘,10
杜迁,穆春,12
杜迁,戴宗,9
杜迁,李逵,10
杜迁,张顺,6
杜迁,萧让,5
杜迁,金大坚,4
杜迁,侯健,3
杜迁,欧鹏,11
杜迁,蒋敬,4
杜迁,马麟,4
杜迁,陶宗旺,7
杜迁,朱富,6
杜迁,李云,10
杜迁,杨林,7
杜迁,邓飞,8
杜迁,孟康,5
杜迁,裴宣,3
杜迁,杨雄,11
杜迁,石秀,6
杜迁,时迁,10
杜迁,杜兴,7
杜迁,李应,7
杜迁,扈三娘,2
杜迁,解珍,12
杜迁,解宝,12
杜迁,乐和,7
杜迁,顾大嫂,9
杜迁,邹渊,15
杜迁,邹润,6
杜迁,孙立,7
杜迁,汤隆,8
杜迁,呼延灼,11
杜迁,韩滔,6
杜迁,彭圯,3
杜迁,凌振,6
杜迁,徐宁,8
杜迁,樊瑞,10
杜迁,项充,11
杜迁,李衮,10
杜迁,段景住,6
杜迁,卢俊义,8
杜迁,燕青,5
杜迁,蔡福,5
杜迁,蔡庆,3
杜迁,宣赞,3
杜迁,关胜,3
杜迁,郝思文,3
杜迁,王定六,3
杜迁,安道全,4
杜迁,焦挺,5
杜迁,单廷,3
杜迁,魏定国,4
杜迁,鲍旭,6
杜迁,郁保四,3
杜迁,董平,4
杜迁,张清,4
杜迁,龚旺,7
杜迁,丁得孙,8
杜迁,皇甫端,3
宋万,杨志,5
宋万,索超,3
宋万,朱仝,8
宋万,雷横,8
宋万,刘唐,20
宋万,吴用,15
宋万,阮小二,8
宋万,阮小五,9
宋万,阮小七,9
宋万,公孙胜,12
宋万,白胜,9
宋万,曹正,6
宋万,宋江,20
宋万,宋清,4
宋万,武松,7
宋万,张青,6
宋万,施恩,8
宋万,孔明,7
宋万,孔亮,6
宋万,燕顺,9
宋万,王英,2
宋万,郑天寿,14
宋万,花荣,7
宋万,黄信,10
宋万,秦明,8
宋万,吕方,7
宋万,郭盛,7
宋万,石勇,11
宋万,李立,6
宋万,李俊,3
宋万,童威,5
宋万,童猛,6
宋万,薛永,7
宋万,张横,4
宋万,穆弘,7
宋万,穆春,7
宋万,戴宗,7
宋万,李逵,10
宋万,张顺,6
宋万,萧让,6
宋万,金大坚,6
宋万,侯健,3
宋万,欧鹏,8
宋万,蒋敬,4
宋万,马麟,3
宋万,陶宗旺,8
宋万,朱富,5
宋万,李云,5
宋万,杨林,5
宋万,邓飞,6
宋万,孟康,4
宋万,裴宣,3
宋万,杨雄,11
宋万,石秀,8
宋万,时迁,8
宋万,杜兴,5
宋万,李应,6
宋万,扈三娘,1
宋万,解珍,8
宋万,解宝,8
宋万,乐和,9
宋万,顾大嫂,6
宋万,邹渊,10
宋万,邹润,5
宋万,孙立,6
宋万,汤隆,3
宋万,呼延灼,9
宋万,韩滔,5
宋万,彭圯,2
宋万,凌振,6
宋万,徐宁,6
宋万,樊瑞,11
宋万,项充,11
宋万,李衮,10
宋万,段景住,6
宋万,卢俊义,7
宋万,燕青,5
宋万,蔡福,5
宋万,蔡庆,3
宋万,宣赞,3
宋万,关胜,3
宋万,郝思文,3
宋万,王定六,2
宋万,安道全,4
宋万,焦挺,7
宋万,单廷,2
宋万,魏定国,2
宋万,鲍旭,5
宋万,郁保四,2
宋万,董平,4
宋万,张清,3
宋万,龚旺,6
宋万,丁得孙,6
宋万,皇甫端,4
杨志,索超,29
杨志,朱仝,20
杨志,雷横,11
杨志,刘唐,11
杨志,吴用,30
杨志,阮小二,5
杨志,阮小五,5
杨志,阮小七,6
杨志,公孙胜,11
杨志,白胜,4
杨志,曹正,19
杨志,宋江,50
杨志,宋清,2
杨志,武松,37
杨志,张青,12
杨志,施恩,16
杨志,孔明,19
杨志,孔亮,23
杨志,燕顺,10
杨志,王英,4
杨志,郑天寿,5
杨志,花荣,23
杨志,黄信,16
杨志,秦明,29
杨志,吕方,10
杨志,郭盛,10
杨志,石勇,7
杨志,李立,13
杨志,李俊,9
杨志,童威,7
杨志,童猛,7
杨志,薛永,6
杨志,张横,7
杨志,穆弘,13
杨志,穆春,9
杨志,戴宗,12
杨志,李逵,16
杨志,张顺,8
杨志,萧让,3
杨志,金大坚,2
杨志,侯健,2
杨志,欧鹏,16
杨志,蒋敬,3
杨志,马麟,9
杨志,陶宗旺,4
杨志,朱富,3
杨志,李云,6
杨志,杨林,11
杨志,邓飞,14
杨志,孟康,3
杨志,裴宣,3
杨志,杨雄,16
杨志,石秀,13
杨志,时迁,15
杨志,杜兴,4
杨志,李应,7
杨志,扈三娘,2
杨志,解珍,16
杨志,解宝,19
杨志,乐和,5
杨志,顾大嫂,6
杨志,邹渊,9
杨志,邹润,7
杨志,孙立,17
杨志,汤隆,7
杨志,呼延灼,35
杨志,韩滔,22
杨志,彭圯,2
杨志,凌振,6
杨志,徐宁,20
杨志,樊瑞,7
杨志,项充,12
杨志,李衮,12
杨志,段景住,4
杨志,卢俊义,23
杨志,燕青,5
杨志,蔡福,2
杨志,蔡庆,2
杨志,宣赞,15
杨志,关胜,14
杨志,郝思文,15
杨志,王定六,4
杨志,安道全,4
杨志,焦挺,10
杨志,单廷,14
杨志,魏定国,14
杨志,鲍旭,14
杨志,郁保四,3
杨志,董平,12
杨志,张清,9
杨志,龚旺,4
杨志,丁得孙,4
杨志,皇甫端,3
索超,朱仝,16
索超,雷横,10
索超,刘唐,14
索超,吴用,32
索超,阮小二,6
索超,阮小五,6
索超,阮小七,8
索超,公孙胜,7
索超,白胜,5
索超,曹正,3
索超,宋江,59
索超,宋清,2
索超,武松,12
索超,张青,6
索超,施恩,5
索超,孔明,8
索超,孔亮,7
索超,燕顺,12
索超,王英,5
索超,郑天寿,3
索超,花荣,25
索超,黄信,13
索超,秦明,29
索超,吕方,14
索超,郭盛,13
索超,石勇,4
索超,李立,4
索超,李俊,12
索超,童威,6
索超,童猛,6
索超,薛永,6
索超,张横,6
索超,穆弘,13
索超,穆春,4
索超,戴宗,11
索超,李逵,17
索超,张顺,11
索超,萧让,6
索超,金大坚,3
索超,侯健,2
索超,欧鹏,11
索超,蒋敬,4
索超,马麟,12
索超,陶宗旺,2
索超,朱富,3
索超,李云,8
索超,杨林,9
索超,邓飞,15
索超,孟康,3
索超,裴宣,4
索超,杨雄,11
索超,石秀,13
索超,时迁,4
索超,杜兴,3
索超,李应,8
索超,扈三娘,5
索超,解珍,13
索超,解宝,13
索超,乐和,3
索超,顾大嫂,9
索超,邹渊,5
索超,邹润,5
索超,孙立,16
索超,汤隆,17
索超,呼延灼,25
索超,韩滔,14
索超,彭圯,2
索超,凌振,8
索超,徐宁,35
索超,樊瑞,11
索超,项充,11
索超,李衮,11
索超,段景住,4
索超,卢俊义,20
索超,燕青,9
索超,蔡福,4
索超,蔡庆,4
索超,宣赞,17
索超,关胜,28
索超,郝思文,16
索超,王定六,5
索超,安道全,8
索超,焦挺,4
索超,单廷,15
索超,魏定国,16
索超,鲍旭,9
索超,郁保四,7
索超,董平,27
索超,张清,35
索超,龚旺,10
索超,丁得孙,9
索超,皇甫端,5
朱仝,雷横,75
朱仝,刘唐,19
朱仝,吴用,74
朱仝,阮小二,7
朱仝,阮小五,7
朱仝,阮小七,9
朱仝,公孙胜,21
朱仝,白胜,18
朱仝,曹正,5
朱仝,宋江,102
朱仝,宋清,7
朱仝,武松,38
朱仝,张青,8
朱仝,施恩,12
朱仝,孔明,11
朱仝,孔亮,11
朱仝,燕顺,20
朱仝,王英,8
朱仝,郑天寿,6
朱仝,花荣,62
朱仝,黄信,20
朱仝,秦明,49
朱仝,吕方,18
朱仝,郭盛,18
朱仝,石勇,6
朱仝,李立,6
朱仝,李俊,27
朱仝,童威,9
朱仝,童猛,9
朱仝,薛永,7
朱仝,张横,13
朱仝,穆弘,25
朱仝,穆春,6
朱仝,戴宗,35
朱仝,李逵,70
朱仝,张顺,20
朱仝,萧让,7
朱仝,金大坚,4
朱仝,侯健,4
朱仝,欧鹏,17
朱仝,蒋敬,7
朱仝,马麟,21
朱仝,陶宗旺,5
朱仝,朱富,3
朱仝,李云,7
朱仝,杨林,26
朱仝,邓飞,15
朱仝,孟康,5
朱仝,裴宣,6
朱仝,杨雄,19
朱仝,石秀,19
朱仝,时迁,8
朱仝,杜兴,6
朱仝,李应,26
朱仝,扈三娘,8
朱仝,解珍,18
朱仝,解宝,18
朱仝,乐和,5
朱仝,顾大嫂,10
朱仝,邹渊,5
朱仝,邹润,4
朱仝,孙立,32
朱仝,汤隆,11
朱仝,呼延灼,27
朱仝,韩滔,16
朱仝,彭圯,6
朱仝,凌振,13
朱仝,徐宁,28
朱仝,樊瑞,19
朱仝,项充,23
朱仝,李衮,22
朱仝,段景住,5
朱仝,卢俊义,21
朱仝,燕青,14
朱仝,蔡福,3
朱仝,蔡庆,4
朱仝,宣赞,8
朱仝,关胜,26
朱仝,郝思文,8
朱仝,王定六,2
朱仝,安道全,6
朱仝,焦挺,2
朱仝,单廷,8
朱仝,魏定国,8
朱仝,鲍旭,13
朱仝,郁保四,4
朱仝,董平,10
朱仝,张清,15
朱仝,龚旺,2
朱仝,丁得孙,2
朱仝,皇甫端,5
雷横,刘唐,23
雷横,吴用,40
雷横,阮小二,5
雷横,阮小五,5
雷横,阮小七,5
雷横,公孙胜,18
雷横,白胜,9
雷横,曹正,6
雷横,宋江,39
雷横,宋清,4
雷横,武松,13
雷横,张青,10
雷横,施恩,10
雷横,孔明,7
雷横,孔亮,6
雷横,燕顺,7
雷横,王英,5
雷横,郑天寿,10
雷横,花荣,24
雷横,黄信,15
雷横,秦明,26
雷横,吕方,14
雷横,郭盛,15
雷横,石勇,9
雷横,李立,8
雷横,李俊,16
雷横,童威,7
雷横,童猛,7
雷横,薛永,10
雷横,张横,11
雷横,穆弘,14
雷横,穆春,10
雷横,戴宗,15
雷横,李逵,33
雷横,张顺,13
雷横,萧让,6
雷横,金大坚,4
雷横,侯健,3
雷横,欧鹏,17
雷横,蒋敬,6
雷横,马麟,10
雷横,陶宗旺,5
雷横,朱富,6
雷横,李云,7
雷横,杨林,12
雷横,邓飞,17
雷横,孟康,4
雷横,裴宣,6
雷横,杨雄,17
雷横,石秀,15
雷横,时迁,11
雷横,杜兴,5
雷横,李应,9
雷横,扈三娘,6
雷横,解珍,13
雷横,解宝,13
雷横,乐和,6
雷横,顾大嫂,10
雷横,邹渊,9
雷横,邹润,7
雷横,孙立,18
雷横,汤隆,14
雷横,呼延灼,24
雷横,韩滔,15
雷横,彭圯,8
雷横,凌振,7
雷横,徐宁,11
雷横,樊瑞,10
雷横,项充,11
雷横,李衮,11
雷横,段景住,4
雷横,卢俊义,18
雷横,燕青,14
雷横,蔡福,5
雷横,蔡庆,6
雷横,宣赞,8
雷横,关胜,12
雷横,郝思文,8
雷横,王定六,4
雷横,安道全,5
雷横,焦挺,6
雷横,单廷,6
雷横,魏定国,7
雷横,鲍旭,4
雷横,郁保四,4
雷横,董平,10
雷横,张清,16
雷横,龚旺,10
雷横,丁得孙,6
雷横,皇甫端,4
刘唐,吴用,49
刘唐,阮小二,10
刘唐,阮小五,12
刘唐,阮小七,10
刘唐,公孙胜,27
刘唐,白胜,10
刘唐,曹正,7
刘唐,宋江,65
刘唐,宋清,5
刘唐,武松,29
刘唐,张青,13
刘唐,施恩,9
刘唐,孔明,13
刘唐,孔亮,11
刘唐,燕顺,12
刘唐,王英,7
刘唐,郑天寿,8
刘唐,花荣,22
刘唐,黄信,13
刘唐,秦明,14
刘唐,吕方,16
刘唐,郭盛,16
刘唐,石勇,9
刘唐,李立,9
刘唐,李俊,11
刘唐,童威,8
刘唐,童猛,7
刘唐,薛永,6
刘唐,张横,8
刘唐,穆弘,26
刘唐,穆春,10
刘唐,戴宗,18
刘唐,李逵,35
刘唐,张顺,11
刘唐,萧让,7
刘唐,金大坚,5
刘唐,侯健,4
刘唐,欧鹏,14
刘唐,蒋敬,7
刘唐,马麟,7
刘唐,陶宗旺,7
刘唐,朱富,5
刘唐,李云,10
刘唐,杨林,6
刘唐,邓飞,11
刘唐,孟康,7
刘唐,裴宣,7
刘唐,杨雄,19
刘唐,石秀,12
刘唐,时迁,10
刘唐,杜兴,7
刘唐,李应,11
刘唐,扈三娘,5
刘唐,解珍,16
刘唐,解宝,16
刘唐,乐和,8
刘唐,顾大嫂,13
刘唐,邹渊,11
刘唐,邹润,4
刘唐,孙立,12
刘唐,汤隆,11
刘唐,呼延灼,18
刘唐,韩滔,11
刘唐,彭圯,3
刘唐,凌振,11
刘唐,徐宁,17
刘唐,樊瑞,16
刘唐,项充,25
刘唐,李衮,25
刘唐,段景住,9
刘唐,卢俊义,21
刘唐,燕青,19
刘唐,蔡福,7
刘唐,蔡庆,7
刘唐,宣赞,9
刘唐,关胜,8
刘唐,郝思文,8
刘唐,王定六,6
刘唐,安道全,6
刘唐,焦挺,5
刘唐,单廷,8
刘唐,魏定国,10
刘唐,鲍旭,16
刘唐,郁保四,7
刘唐,董平,10
刘唐,张清,23
刘唐,龚旺,6
刘唐,丁得孙,6
刘唐,皇甫端,5
吴用,阮小二,15
吴用,阮小五,18
吴用,阮小七,24
吴用,公孙胜,85
吴用,白胜,29
吴用,曹正,12
吴用,宋江,428
吴用,宋清,11
吴用,武松,45
吴用,张青,16
吴用,施恩,21
吴用,孔明,21
吴用,孔亮,18
吴用,燕顺,22
吴用,王英,13
吴用,郑天寿,8
吴用,花荣,94
吴用,黄信,27
吴用,秦明,62
吴用,吕方,30
吴用,郭盛,30
吴用,石勇,16
吴用,李立,13
吴用,李俊,53
吴用,童威,13
吴用,童猛,12
吴用,薛永,11
吴用,张横,26
吴用,穆弘,23
吴用,穆春,13
吴用,戴宗,90
吴用,李逵,132
吴用,张顺,55
吴用,萧让,27
吴用,金大坚,9
吴用,侯健,7
吴用,欧鹏,25
吴用,蒋敬,8
吴用,马麟,25
吴用,陶宗旺,8
吴用,朱富,5
吴用,李云,20
吴用,杨林,30
吴用,邓飞,21
吴用,孟康,9
吴用,裴宣,18
吴用,杨雄,23
吴用,石秀,41
吴用,时迁,38
吴用,杜兴,14
吴用,李应,27
吴用,扈三娘,16
吴用,解珍,41
吴用,解宝,42
吴用,乐和,22
吴用,顾大嫂,21
吴用,邹渊,10
吴用,邹润,7
吴用,孙立,39
吴用,汤隆,28
吴用,呼延灼,57
吴用,韩滔,21
吴用,彭圯,11
吴用,凌振,23
吴用,徐宁,42
吴用,樊瑞,37
吴用,项充,42
吴用,李衮,41
吴用,段景住,19
吴用,卢俊义,111
吴用,燕青,40
吴用,蔡福,11
吴用,蔡庆,11
吴用,宣赞,25
吴用,关胜,54
吴用,郝思文,22
吴用,王定六,12
吴用,安道全,20
吴用,焦挺,11
吴用,单廷,23
吴用,魏定国,23
吴用,鲍旭,27
吴用,郁保四,14
吴用,董平,17
吴用,张清,31
吴用,龚旺,8
吴用,丁得孙,8
吴用,皇甫端,8
阮小二,阮小五,33
阮小二,阮小七,30
阮小二,公孙胜,8
阮小二,白胜,7
阮小二,曹正,2
阮小二,宋江,17
阮小二,宋清,2
阮小二,武松,4
阮小二,张青,3
阮小二,施恩,5
阮小二,孔明,5
阮小二,孔亮,4
阮小二,燕顺,6
阮小二,王英,1
阮小二,郑天寿,3
阮小二,花荣,9
阮小二,黄信,6
阮小二,秦明,6
阮小二,吕方,8
阮小二,郭盛,8
阮小二,石勇,5
阮小二,李立,3
阮小二,李俊,19
阮小二,童威,13
阮小二,童猛,13
阮小二,薛永,2
阮小二,张横,13
阮小二,穆弘,6
阮小二,穆春,2
阮小二,戴宗,8
阮小二,李逵,7
阮小二,张顺,16
阮小二,萧让,3
阮小二,金大坚,2
阮小二,侯健,1
阮小二,欧鹏,6
阮小二,蒋敬,3
阮小二,马麟,5
阮小二,陶宗旺,3
阮小二,朱富,2
阮小二,李云,3
阮小二,杨林,3
阮小二,邓飞,6
阮小二,孟康,13
阮小二,裴宣,2
阮小二,杨雄,4
阮小二,石秀,7
阮小二,时迁,3
阮小二,杜兴,3
阮小二,李应,5
阮小二,扈三娘,1
阮小二,解珍,4
阮小二,解宝,4
阮小二,乐和,2
阮小二,顾大嫂,3
阮小二,邹渊,1
阮小二,邹润,1
阮小二,孙立,6
阮小二,汤隆,2
阮小二,呼延灼,9
阮小二,韩滔,5
阮小二,彭圯,1
阮小二,凌振,5
阮小二,徐宁,8
阮小二,樊瑞,6
阮小二,项充,7
阮小二,李衮,7
阮小二,段景住,4
阮小二,卢俊义,8
阮小二,燕青,4
阮小二,蔡福,1
阮小二,蔡庆,1
阮小二,宣赞,6
阮小二,关胜,7
阮小二,郝思文,4
阮小二,王定六,2
阮小二,安道全,2
阮小二,焦挺,1
阮小二,单廷,4
阮小二,魏定国,4
阮小二,鲍旭,2
阮小二,郁保四,2
阮小二,董平,3
阮小二,张清,2
阮小二,龚旺,1
阮小二,丁得孙,1
阮小二,皇甫端,2
阮小五,阮小七,37
阮小五,公孙胜,9
阮小五,白胜,10
阮小五,曹正,2
阮小五,宋江,21
阮小五,宋清,2
阮小五,武松,4
阮小五,张青,3
阮小五,施恩,4
阮小五,孔明,4
阮小五,孔亮,3
阮小五,燕顺,6
阮小五,王英,1
阮小五,郑天寿,2
阮小五,花荣,8
阮小五,黄信,6
阮小五,秦明,7
阮小五,吕方,6
阮小五,郭盛,6
阮小五,石勇,4
阮小五,李立,4
阮小五,李俊,18
阮小五,童威,13
阮小五,童猛,13
阮小五,薛永,2
阮小五,张横,11
阮小五,穆弘,7
阮小五,穆春,2
阮小五,戴宗,10
阮小五,李逵,7
阮小五,张顺,14
阮小五,萧让,3
阮小五,金大坚,2
阮小五,侯健,1
阮小五,欧鹏,8
阮小五,蒋敬,3
阮小五,马麟,5
阮小五,陶宗旺,3
阮小五,朱富,2
阮小五,李云,3
阮小五,杨林,3
阮小五,邓飞,6
阮小五,孟康,7
阮小五,裴宣,2
阮小五,杨雄,4
阮小五,石秀,6
阮小五,时迁,3
阮小五,杜兴,2
阮小五,李应,4
阮小五,扈三娘,1
阮小五,解珍,4
阮小五,解宝,4
阮小五,乐和,2
阮小五,顾大嫂,3
阮小五,邹渊,2
阮小五,邹润,1
阮小五,孙立,6
阮小五,汤隆,3
阮小五,呼延灼,11
阮小五,韩滔,5
阮小五,彭圯,1
阮小五,凌振,5
阮小五,徐宁,8
阮小五,樊瑞,8
阮小五,项充,8
阮小五,李衮,8
阮小五,段景住,6
阮小五,卢俊义,10
阮小五,燕青,4
阮小五,蔡福,2
阮小五,蔡庆,2
阮小五,宣赞,6
阮小五,关胜,6
阮小五,郝思文,4
阮小五,王定六,2
阮小五,安道全,2
阮小五,焦挺,1
阮小五,单廷,4
阮小五,魏定国,4
阮小五,鲍旭,2
阮小五,郁保四,4
阮小五,董平,3
阮小五,张清,2
阮小五,龚旺,1
阮小五,丁得孙,1
阮小五,皇甫端,2
阮小七,公孙胜,9
阮小七,白胜,10
阮小七,曹正,2
阮小七,宋江,39
阮小七,宋清,3
阮小七,武松,4
阮小七,张青,3
阮小七,施恩,4
阮小七,孔明,4
阮小七,孔亮,3
阮小七,燕顺,6
阮小七,王英,1
阮小七,郑天寿,2
阮小七,花荣,15
阮小七,黄信,8
阮小七,秦明,10
阮小七,吕方,7
阮小七,郭盛,7
阮小七,石勇,4
阮小七,李立,2
阮小七,李俊,21
阮小七,童威,15
阮小七,童猛,16
阮小七,薛永,3
阮小七,张横,18
阮小七,穆弘,6
阮小七,穆春,3
阮小七,戴宗,12
阮小七,李逵,10
阮小七,张顺,20
阮小七,萧让,5
阮小七,金大坚,3
阮小七,侯健,4
阮小七,欧鹏,7
阮小七,蒋敬,5
阮小七,马麟,4
阮小七,陶宗旺,3
阮小七,朱富,2
阮小七,李云,4
阮小七,杨林,4
阮小七,邓飞,6
阮小七,孟康,5
阮小七,裴宣,5
阮小七,杨雄,5
阮小七,石秀,14
阮小七,时迁,3
阮小七,杜兴,4
阮小七,李应,7
阮小七,扈三娘,1
阮小七,解珍,5
阮小七,解宝,5
阮小七,乐和,3
阮小七,顾大嫂,4
阮小七,邹渊,1
阮小七,邹润,2
阮小七,孙立,9
阮小七,汤隆,2
阮小七,呼延灼,17
阮小七,韩滔,5
阮小七,彭圯,1
阮小七,凌振,6
阮小七,徐宁,9
阮小七,樊瑞,7
阮小七,项充,6
阮小七,李衮,6
阮小七,段景住,8
阮小七,卢俊义,13
阮小七,燕青,5
阮小七,蔡福,1
阮小七,蔡庆,2
阮小七,宣赞,9
阮小七,关胜,14
阮小七,郝思文,6
阮小七,王定六,2
阮小七,安道全,3
阮小七,焦挺,1
阮小七,单廷,4
阮小七,魏定国,4
阮小七,鲍旭,1
阮小七,郁保四,2
阮小七,董平,4
阮小七,张清,2
阮小七,龚旺,1
阮小七,丁得孙,1
阮小七,皇甫端,3
公孙胜,白胜,10
公孙胜,曹正,8
公孙胜,宋江,140
公孙胜,宋清,4
公孙胜,武松,16
公孙胜,张青,8
公孙胜,施恩,9
公孙胜,孔明,10
公孙胜,孔亮,9
公孙胜,燕顺,9
公孙胜,王英,7
公孙胜,郑天寿,7
公孙胜,花荣,30
公孙胜,黄信,13
公孙胜,秦明,27
公孙胜,吕方,15
公孙胜,郭盛,16
公孙胜,石勇,8
公孙胜,李立,5
公孙胜,李俊,21
公孙胜,童威,9
公孙胜,童猛,9
公孙胜,薛永,6
公孙胜,张横,12
公孙胜,穆弘,15
公孙胜,穆春,6
公孙胜,戴宗,81
公孙胜,李逵,78
公孙胜,张顺,18
公孙胜,萧让,9
公孙胜,金大坚,6
公孙胜,侯健,3
公孙胜,欧鹏,17
公孙胜,蒋敬,6
公孙胜,马麟,8
公孙胜,陶宗旺,6
公孙胜,朱富,3
公孙胜,李云,10
公孙胜,杨林,12
公孙胜,邓飞,13
公孙胜,孟康,5
公孙胜,裴宣,7
公孙胜,杨雄,17
公孙胜,石秀,15
公孙胜,时迁,13
公孙胜,杜兴,8
公孙胜,李应,15
公孙胜,扈三娘,9
公孙胜,解珍,16
公孙胜,解宝,16
公孙胜,乐和,10
公孙胜,顾大嫂,14
公孙胜,邹渊,7
公孙胜,邹润,5
公孙胜,孙立,16
公孙胜,汤隆,25
公孙胜,呼延灼,41
公孙胜,韩滔,14
公孙胜,彭圯,7
公孙胜,凌振,11
公孙胜,徐宁,19
公孙胜,樊瑞,25
公孙胜,项充,18
公孙胜,李衮,18
公孙胜,段景住,8
公孙胜,卢俊义,37
公孙胜,燕青,13
公孙胜,蔡福,3
公孙胜,蔡庆,3
公孙胜,宣赞,7
公孙胜,关胜,11
公孙胜,郝思文,8
公孙胜,王定六,4
公孙胜,安道全,6
公孙胜,焦挺,4
公孙胜,单廷,9
公孙胜,魏定国,9
公孙胜,鲍旭,3
公孙胜,郁保四,3
公孙胜,董平,6
公孙胜,张清,15
公孙胜,龚旺,4
公孙胜,丁得孙,4
公孙胜,皇甫端,7
白胜,曹正,6
白胜,宋江,42
白胜,宋清,2
白胜,武松,4
白胜,张青,7
白胜,施恩,6
白胜,孔明,6
白胜,孔亮,3
白胜,燕顺,7
白胜,王英,2
白胜,郑天寿,7
白胜,花荣,13
白胜,黄信,6
白胜,秦明,17
白胜,吕方,11
白胜,郭盛,10
白胜,石勇,14
白胜,李立,11
白胜,李俊,9
白胜,童威,4
白胜,童猛,4
白胜,薛永,9
白胜,张横,10
白胜,穆弘,9
白胜,穆春,10
白胜,戴宗,18
白胜,李逵,23
白胜,张顺,11
白胜,萧让,3
白胜,金大坚,3
白胜,侯健,6
白胜,欧鹏,13
白胜,蒋敬,3
白胜,马麟,8
白胜,陶宗旺,7
白胜,朱富,9
白胜,李云,8
白胜,杨林,26
白胜,邓飞,12
白胜,孟康,3
白胜,裴宣,3
白胜,杨雄,9
白胜,石秀,7
白胜,时迁,11
白胜,杜兴,3
白胜,李应,4
白胜,扈三娘,2
白胜,解珍,9
白胜,解宝,9
白胜,乐和,4
白胜,顾大嫂,9
白胜,邹渊,7
白胜,邹润,7
白胜,孙立,8
白胜,汤隆,9
白胜,呼延灼,8
白胜,韩滔,5
白胜,彭圯,1
白胜,凌振,4
白胜,徐宁,8
白胜,樊瑞,8
白胜,项充,8
白胜,李衮,8
白胜,段景住,13
白胜,卢俊义,11
白胜,燕青,5
白胜,蔡福,2
白胜,蔡庆,2
白胜,宣赞,3
白胜,关胜,2
白胜,郝思文,4
白胜,王定六,4
白胜,安道全,2
白胜,焦挺,3
白胜,单廷,3
白胜,魏定国,4
白胜,鲍旭,2
白胜,郁保四,5
白胜,董平,7
白胜,张清,7
白胜,龚旺,5
白胜,丁得孙,5
白胜,皇甫端,2
曹正,宋江,15
曹正,宋清,4
曹正,武松,12
曹正,张青,11
曹正,施恩,12
曹正,孔明,12
曹正,孔亮,13
曹正,燕顺,7
曹正,王英,2
曹正,郑天寿,12
曹正,花荣,11
曹正,黄信,6
曹正,秦明,12
曹正,吕方,8
曹正,郭盛,8
曹正,石勇,7
曹正,李立,12
曹正,李俊,6
曹正,童威,5
曹正,童猛,5
曹正,薛永,9
曹正,张横,6
曹正,穆弘,9
曹正,穆春,10
曹正,戴宗,6
曹正,李逵,6
曹正,张顺,6
曹正,萧让,5
曹正,金大坚,4
曹正,侯健,4
曹正,欧鹏,11
曹正,蒋敬,4
曹正,马麟,5
曹正,陶宗旺,7
曹正,朱富,7
曹正,李云,8
曹正,杨林,8
曹正,邓飞,8
曹正,孟康,5
曹正,裴宣,5
曹正,杨雄,9
曹正,石秀,4
曹正,时迁,9
曹正,杜兴,10
曹正,李应,4
曹正,扈三娘,1
曹正,解珍,12
曹正,解宝,13
曹正,乐和,5
曹正,顾大嫂,8
曹正,邹渊,8
曹正,邹润,4
曹正,孙立,8
曹正,汤隆,10
曹正,呼延灼,15
曹正,韩滔,11
曹正,彭圯,5
曹正,凌振,6
曹正,徐宁,8
曹正,樊瑞,4
曹正,项充,4
曹正,李衮,4
曹正,段景住,4
曹正,卢俊义,7
曹正,燕青,5
曹正,蔡福,2
曹正,蔡庆,2
曹正,宣赞,4
曹正,关胜,5
曹正,郝思文,3
曹正,王定六,5
曹正,安道全,4
曹正,焦挺,3
曹正,单廷,2
曹正,魏定国,3
曹正,鲍旭,2
曹正,郁保四,3
曹正,董平,3
曹正,张清,4
曹正,龚旺,5
曹正,丁得孙,5
曹正,皇甫端,3
宋江,宋清,42
宋江,武松,132
宋江,张青,20
宋江,施恩,41
宋江,孔明,33
宋江,孔亮,50
宋江,燕顺,55
宋江,王英,23
宋江,郑天寿,12
宋江,花荣,194
宋江,黄信,37
宋江,秦明,130
宋江,吕方,50
宋江,郭盛,45
宋江,石勇,31
宋江,李立,23
宋江,李俊,116
宋江,童威,30
宋江,童猛,28
宋江,薛永,27
宋江,张横,52
宋江,穆弘,49
宋江,穆春,17
宋江,戴宗,232
宋江,李逵,356
宋江,张顺,98
宋江,萧让,54
宋江,金大坚,16
宋江,侯健,15
宋江,欧鹏,35
宋江,蒋敬,9
宋江,马麟,46
宋江,陶宗旺,8
宋江,朱富,7
宋江,李云,27
宋江,杨林,41
宋江,邓飞,30
宋江,孟康,11
宋江,裴宣,34
宋江,杨雄,37
宋江,石秀,70
宋江,时迁,52
宋江,杜兴,22
宋江,李应,41
宋江,扈三娘,21
宋江,解珍,59
宋江,解宝,59
宋江,乐和,31
宋江,顾大嫂,28
宋江,邹渊,11
宋江,邹润,6
宋江,孙立,56
宋江,汤隆,47
宋江,呼延灼,178
宋江,韩滔,49
宋江,彭圯,28
宋江,凌振,29
宋江,徐宁,86
宋江,樊瑞,58
宋江,项充,64
宋江,李衮,61
宋江,段景住,27
宋江,卢俊义,233
宋江,燕青,136
宋江,蔡福,10
宋江,蔡庆,10
宋江,宣赞,48
宋江,关胜,144
宋江,郝思文,44
宋江,王定六,19
宋江,安道全,40
宋江,焦挺,15
宋江,单廷,38
宋江,魏定国,38
宋江,鲍旭,50
宋江,郁保四,25
宋江,董平,75
宋江,张清,114
宋江,龚旺,15
宋江,丁得孙,13
宋江,皇甫端,16
宋清,武松,9
宋清,张青,2
宋清,施恩,3
宋清,孔明,4
宋清,孔亮,4
宋清,燕顺,6
宋清,王英,5
宋清,郑天寿,3
宋清,花荣,6
宋清,黄信,5
宋清,秦明,3
宋清,吕方,3
宋清,郭盛,4
宋清,石勇,3
宋清,李立,3
宋清,李俊,2
宋清,童威,3
宋清,童猛,3
宋清,薛永,2
宋清,张横,2
宋清,穆弘,3
宋清,穆春,4
宋清,戴宗,5
宋清,李逵,8
宋清,张顺,2
宋清,萧让,10
宋清,金大坚,7
宋清,侯健,5
宋清,欧鹏,2
宋清,蒋敬,10
宋清,马麟,5
宋清,陶宗旺,5
宋清,朱富,4
宋清,李云,4
宋清,杨林,4
宋清,邓飞,2
宋清,孟康,5
宋清,裴宣,8
宋清,杨雄,2
宋清,石秀,1
宋清,时迁,3
宋清,杜兴,7
宋清,李应,5
宋清,扈三娘,4
宋清,解珍,4
宋清,解宝,4
宋清,乐和,6
宋清,顾大嫂,6
宋清,邹渊,2
宋清,邹润,3
宋清,孙立,4
宋清,汤隆,5
宋清,呼延灼,3
宋清,韩滔,3
宋清,彭圯,1
宋清,凌振,7
宋清,徐宁,5
宋清,樊瑞,5
宋清,项充,6
宋清,李衮,6
宋清,段景住,4
宋清,卢俊义,3
宋清,燕青,2
宋清,蔡福,5
宋清,蔡庆,5
宋清,宣赞,2
宋清,关胜,3
宋清,郝思文,2
宋清,王定六,2
宋清,安道全,6
宋清,焦挺,1
宋清,单廷,2
宋清,魏定国,2
宋清,鲍旭,3
宋清,郁保四,5
宋清,董平,1
宋清,张清,4
宋清,龚旺,1
宋清,丁得孙,1
宋清,皇甫端,5
武松,张青,55
武松,施恩,131
武松,孔明,27
武松,孔亮,44
武松,燕顺,14
武松,王英,11
武松,郑天寿,6
武松,花荣,33
武松,黄信,11
武松,秦明,34
武松,吕方,11
武松,郭盛,11
武松,石勇,6
武松,李立,15
武松,李俊,18
武松,童威,6
武松,童猛,6
武松,薛永,6
武松,张横,6
武松,穆弘,19
武松,穆春,9
武松,戴宗,22
武松,李逵,42
武松,张顺,17
武松,萧让,8
武松,金大坚,4
武松,侯健,5
武松,欧鹏,11
武松,蒋敬,8
武松,马麟,11
武松,陶宗旺,4
武松,朱富,3
武松,李云,6
武松,杨林,9
武松,邓飞,9
武松,孟康,5
武松,裴宣,8
武松,杨雄,19
武松,石秀,15
武松,时迁,10
武松,杜兴,9
武松,李应,20
武松,扈三娘,8
武松,解珍,32
武松,解宝,33
武松,乐和,7
武松,顾大嫂,10
武松,邹渊,8
武松,邹润,4
武松,孙立,16
武松,汤隆,10
武松,呼延灼,50
武松,韩滔,19
武松,彭圯,3
武松,凌振,12
武松,徐宁,26
武松,樊瑞,20
武松,项充,24
武松,李衮,22
武松,段景住,7
武松,卢俊义,15
武松,燕青,15
武松,蔡福,5
武松,蔡庆,5
武松,宣赞,9
武松,关胜,13
武松,郝思文,7
武松,王定六,4
武松,安道全,11
武松,焦挺,6
武松,单廷,5
武松,魏定国,5
武松,鲍旭,13
武松,郁保四,9
武松,董平,7
武松,张清,17
武松,龚旺,5
武松,丁得孙,5
武松,皇甫端,6
张青,施恩,15
张青,孔明,9
张青,孔亮,8
张青,燕顺,10
张青,王英,10
张青,郑天寿,9
张青,花荣,12
张青,黄信,9
张青,秦明,11
张青,吕方,9
张青,郭盛,9
张青,石勇,9
张青,李立,13
张青,李俊,6
张青,童威,5
张青,童猛,5
张青,薛永,8
张青,张横,5
张青,穆弘,12
张青,穆春,12
张青,戴宗,5
张青,李逵,10
张青,张顺,6
张青,萧让,3
张青,金大坚,3
张青,侯健,3
张青,欧鹏,15
张青,蒋敬,3
张青,马麟,8
张青,陶宗旺,6
张青,朱富,5
张青,李云,8
张青,杨林,8
张青,邓飞,11
张青,孟康,4
张青,裴宣,3
张青,杨雄,11
张青,石秀,8
张青,时迁,12
张青,杜兴,8
张青,李应,6
张青,扈三娘,9
张青,解珍,13
张青,解宝,13
张青,乐和,6
张青,顾大嫂,26
张青,邹渊,13
张青,邹润,8
张青,孙立,11
张青,汤隆,12
张青,呼延灼,13
张青,韩滔,11
张青,彭圯,4
张青,凌振,9
张青,徐宁,8
张青,樊瑞,10
张青,项充,10
张青,李衮,10
张青,段景住,6
张青,卢俊义,13
张青,燕青,8
张青,蔡福,6
张青,蔡庆,5
张青,宣赞,6
张青,关胜,5
张青,郝思文,6
张青,王定六,5
张青,安道全,3
张青,焦挺,6
张青,单廷,7
张青,魏定国,8
张青,鲍旭,5
张青,郁保四,3
张青,董平,7
张青,张清,7
张青,龚旺,6
张青,丁得孙,8
张青,皇甫端,2
施恩,孔明,21
施恩,孔亮,21
施恩,燕顺,11
施恩,王英,4
施恩,郑天寿,8
施恩,花荣,21
施恩,黄信,8
施恩,秦明,15
施恩,吕方,9
施恩,郭盛,9
施恩,石勇,6
施恩,李立,12
施恩,李俊,10
施恩,童威,7
施恩,童猛,7
施恩,薛永,14
施恩,张横,7
施恩,穆弘,11
施恩,穆春,15
施恩,戴宗,8
施恩,李逵,9
施恩,张顺,6
施恩,萧让,3
施恩,金大坚,3
施恩,侯健,4
施恩,欧鹏,11
施恩,蒋敬,4
施恩,马麟,8
施恩,陶宗旺,6
施恩,朱富,3
施恩,李云,6
施恩,杨林,8
施恩,邓飞,9
施恩,孟康,4
施恩,裴宣,4
施恩,杨雄,9
施恩,石秀,8
施恩,时迁,8
施恩,杜兴,13
施恩,李应,14
施恩,扈三娘,3
施恩,解珍,10
施恩,解宝,11
施恩,乐和,5
施恩,顾大嫂,8
施恩,邹渊,7
施恩,邹润,4
施恩,孙立,14
施恩,汤隆,7
施恩,呼延灼,21
施恩,韩滔,12
施恩,彭圯,3
施恩,凌振,8
施恩,徐宁,12
施恩,樊瑞,12
施恩,项充,11
施恩,李衮,11
施恩,段景住,6
施恩,卢俊义,14
施恩,燕青,9
施恩,蔡福,8
施恩,蔡庆,7
施恩,宣赞,9
施恩,关胜,9
施恩,郝思文,8
施恩,王定六,3
施恩,安道全,4
施恩,焦挺,4
施恩,单廷,9
施恩,魏定国,6
施恩,鲍旭,5
施恩,郁保四,4
施恩,董平,6
施恩,张清,5
施恩,龚旺,5
施恩,丁得孙,4
施恩,皇甫端,2
孔明,孔亮,45
孔明,燕顺,11
孔明,王英,4
孔明,郑天寿,6
孔明,花荣,20
孔明,黄信,10
孔明,秦明,18
孔明,吕方,14
孔明,郭盛,14
孔明,石勇,4
孔明,李立,13
孔明,李俊,8
孔明,童威,9
孔明,童猛,9
孔明,薛永,5
孔明,张横,10
孔明,穆弘,12
孔明,穆春,10
孔明,戴宗,10
孔明,李逵,12
孔明,张顺,9
孔明,萧让,4
孔明,金大坚,3
孔明,侯健,4
孔明,欧鹏,12
孔明,蒋敬,5
孔明,马麟,9
孔明,陶宗旺,5
孔明,朱富,5
孔明,李云,5
孔明,杨林,10
孔明,邓飞,10
孔明,孟康,4
孔明,裴宣,6
孔明,杨雄,13
孔明,石秀,10
孔明,时迁,9
孔明,杜兴,11
孔明,李应,13
孔明,扈三娘,4
孔明,解珍,15
孔明,解宝,16
孔明,乐和,6
孔明,顾大嫂,9
孔明,邹渊,11
孔明,邹润,4
孔明,孙立,14
孔明,汤隆,8
孔明,呼延灼,24
孔明,韩滔,18
孔明,彭圯,4
孔明,凌振,7
孔明,徐宁,14
孔明,樊瑞,10
孔明,项充,10
孔明,李衮,10
孔明,段景住,5
孔明,卢俊义,13
孔明,燕青,9
孔明,蔡福,7
孔明,蔡庆,7
孔明,宣赞,9
孔明,关胜,7
孔明,郝思文,9
孔明,王定六,2
孔明,安道全,5
孔明,焦挺,4
孔明,单廷,5
孔明,魏定国,6
孔明,鲍旭,5
孔明,郁保四,3
孔明,董平,5
孔明,张清,4
孔明,龚旺,3
孔明,丁得孙,3
孔明,皇甫端,3
孔亮,燕顺,9
孔亮,王英,3
孔亮,郑天寿,7
孔亮,花荣,17
孔亮,黄信,8
孔亮,秦明,20
孔亮,吕方,12
孔亮,郭盛,12
孔亮,石勇,5
孔亮,李立,15
孔亮,李俊,9
孔亮,童威,7
孔亮,童猛,7
孔亮,薛永,4
孔亮,张横,8
孔亮,穆弘,9
孔亮,穆春,8
孔亮,戴宗,9
孔亮,李逵,10
孔亮,张顺,9
孔亮,萧让,4
孔亮,金大坚,3
孔亮,侯健,4
孔亮,欧鹏,10
孔亮,蒋敬,5
孔亮,马麟,8
孔亮,陶宗旺,4
孔亮,朱富,4
孔亮,李云,5
孔亮,杨林,6
孔亮,邓飞,8
孔亮,孟康,4
孔亮,裴宣,6
孔亮,杨雄,10
孔亮,石秀,9
孔亮,时迁,7
孔亮,杜兴,9
孔亮,李应,11
孔亮,扈三娘,3
孔亮,解珍,14
孔亮,解宝,15
孔亮,乐和,6
孔亮,顾大嫂,8
孔亮,邹渊,10
孔亮,邹润,3
孔亮,孙立,13
孔亮,汤隆,7
孔亮,呼延灼,38
孔亮,韩滔,19
孔亮,彭圯,4
孔亮,凌振,7
孔亮,徐宁,12
孔亮,樊瑞,8
孔亮,项充,9
孔亮,李衮,8
孔亮,段景住,4
孔亮,卢俊义,11
孔亮,燕青,7
孔亮,蔡福,6
孔亮,蔡庆,6
孔亮,宣赞,11
孔亮,关胜,6
孔亮,郝思文,8
孔亮,王定六,3
孔亮,安道全,6
孔亮,焦挺,3
孔亮,单廷,4
孔亮,魏定国,5
孔亮,鲍旭,4
孔亮,郁保四,3
孔亮,董平,4
孔亮,张清,3
孔亮,龚旺,2
孔亮,丁得孙,2
孔亮,皇甫端,3
燕顺,王英,13
燕顺,郑天寿,14
燕顺,花荣,28
燕顺,黄信,21
燕顺,秦明,22
燕顺,吕方,18
燕顺,郭盛,19
燕顺,石勇,18
燕顺,李立,8
燕顺,李俊,9
燕顺,童威,8
燕顺,童猛,7
燕顺,薛永,5
燕顺,张横,10
燕顺,穆弘,14
燕顺,穆春,7
燕顺,戴宗,14
燕顺,李逵,18
燕顺,张顺,6
燕顺,萧让,6
燕顺,金大坚,4
燕顺,侯健,5
燕顺,欧鹏,18
燕顺,蒋敬,5
燕顺,马麟,34
燕顺,陶宗旺,6
燕顺,朱富,4
燕顺,李云,8
燕顺,杨林,11
燕顺,邓飞,16
燕顺,孟康,6
燕顺,裴宣,4
燕顺,杨雄,8
燕顺,石秀,5
燕顺,时迁,7
燕顺,杜兴,8
燕顺,李应,10
燕顺,扈三娘,6
燕顺,解珍,12
燕顺,解宝,12
燕顺,乐和,5
燕顺,顾大嫂,10
燕顺,邹渊,6
燕顺,邹润,3
燕顺,孙立,21
燕顺,汤隆,8
燕顺,呼延灼,13
燕顺,韩滔,15
燕顺,彭圯,4
燕顺,凌振,10
燕顺,徐宁,14
燕顺,樊瑞,13
燕顺,项充,17
燕顺,李衮,18
燕顺,段景住,7
燕顺,卢俊义,11
燕顺,燕青,5
燕顺,蔡福,5
燕顺,蔡庆,5
燕顺,宣赞,10
燕顺,关胜,11
燕顺,郝思文,10
燕顺,王定六,3
燕顺,安道全,3
燕顺,焦挺,3
燕顺,单廷,9
燕顺,魏定国,9
燕顺,鲍旭,8
燕顺,郁保四,5
燕顺,董平,5
燕顺,张清,9
燕顺,龚旺,3
燕顺,丁得孙,3
燕顺,皇甫端,2
王英,郑天寿,5
王英,花荣,11
王英,黄信,7
王英,秦明,8
王英,吕方,4
王英,郭盛,4
王英,石勇,4
王英,李立,5
王英,李俊,2
王英,童威,2
王英,童猛,2
王英,薛永,2
王英,张横,2
王英,穆弘,6
王英,穆春,5
王英,戴宗,4
王英,李逵,13
王英,张顺,1
王英,萧让,4
王英,金大坚,3
王英,侯健,5
王英,欧鹏,6
王英,蒋敬,4
王英,马麟,6
王英,陶宗旺,3
王英,朱富,2
王英,李云,4
王英,杨林,4
王英,邓飞,4
王英,孟康,4
王英,裴宣,2
王英,杨雄,3
王英,石秀,1
王英,时迁,3
王英,杜兴,4
王英,李应,5
王英,扈三娘,25
王英,解珍,11
王英,解宝,11
王英,乐和,4
王英,顾大嫂,17
王英,邹渊,4
王英,邹润,3
王英,孙立,6
王英,汤隆,7
王英,呼延灼,4
王英,韩滔,6
王英,凌振,9
王英,徐宁,8
王英,樊瑞,11
王英,项充,8
王英,李衮,8
王英,段景住,4
王英,卢俊义,4
王英,燕青,2
王英,蔡福,5
王英,蔡庆,4
王英,宣赞,4
王英,关胜,3
王英,郝思文,4
王英,王定六,2
王英,安道全,5
王英,焦挺,3
王英,单廷,6
王英,魏定国,6
王英,鲍旭,7
王英,郁保四,3
王英,董平,4
王英,张清,7
王英,龚旺,2
王英,丁得孙,2
王英,皇甫端,3
郑天寿,花荣,9
郑天寿,黄信,11
郑天寿,秦明,10
郑天寿,吕方,8
郑天寿,郭盛,8
郑天寿,石勇,13
郑天寿,李立,9
郑天寿,李俊,5
郑天寿,童威,8
郑天寿,童猛,7
郑天寿,薛永,11
郑天寿,张横,7
郑天寿,穆弘,9
郑天寿,穆春,11
郑天寿,戴宗,6
郑天寿,李逵,6
郑天寿,张顺,6
郑天寿,萧让,5
郑天寿,金大坚,5
郑天寿,侯健,3
郑天寿,欧鹏,9
郑天寿,蒋敬,4
郑天寿,马麟,5
郑天寿,陶宗旺,7
郑天寿,朱富,7
郑天寿,李云,8
郑天寿,杨林,7
郑天寿,邓飞,9
郑天寿,孟康,5
郑天寿,裴宣,3
郑天寿,杨雄,10
郑天寿,石秀,6
郑天寿,时迁,8
郑天寿,杜兴,9
郑天寿,李应,5
郑天寿,扈三娘,1
郑天寿,解珍,8
郑天寿,解宝,8
郑天寿,乐和,5
郑天寿,顾大嫂,8
郑天寿,邹渊,11
郑天寿,邹润,7
郑天寿,孙立,6
郑天寿,汤隆,7
郑天寿,呼延灼,7
郑天寿,韩滔,7
郑天寿,彭圯,4
郑天寿,凌振,5
郑天寿,徐宁,4
郑天寿,樊瑞,6
郑天寿,项充,6
郑天寿,李衮,5
郑天寿,段景住,3
郑天寿,卢俊义,7
郑天寿,燕青,5
郑天寿,蔡福,2
郑天寿,蔡庆,2
郑天寿,宣赞,5
郑天寿,关胜,3
郑天寿,郝思文,4
郑天寿,王定六,5
郑天寿,安道全,3
郑天寿,焦挺,7
郑天寿,单廷,2
郑天寿,魏定国,3
郑天寿,鲍旭,4
郑天寿,郁保四,2
郑天寿,董平,3
郑天寿,张清,4
郑天寿,龚旺,7
郑天寿,丁得孙,7
郑天寿,皇甫端,2
花荣,黄信,50
花荣,秦明,110
花荣,吕方,38
花荣,郭盛,39
花荣,石勇,7
花荣,李立,14
花荣,李俊,36
花荣,童威,10
花荣,童猛,8
花荣,薛永,8
花荣,张横,24
花荣,穆弘,32
花荣,穆春,7
花荣,戴宗,48
花荣,李逵,57
花荣,张顺,34
花荣,萧让,10
花荣,金大坚,4
花荣,侯健,4
花荣,欧鹏,23
花荣,蒋敬,8
花荣,马麟,25
花荣,陶宗旺,5
花荣,朱富,3
花荣,李云,7
花荣,杨林,18
花荣,邓飞,22
花荣,孟康,4
花荣,裴宣,8
花荣,杨雄,24
花荣,石秀,28
花荣,时迁,11
花荣,杜兴,16
花荣,李应,31
花荣,扈三娘,8
花荣,解珍,23
花荣,解宝,24
花荣,乐和,6
花荣,顾大嫂,11
花荣,邹渊,7
花荣,邹润,5
花荣,孙立,41
花荣,汤隆,18
花荣,呼延灼,49
花荣,韩滔,24
花荣,彭圯,14
花荣,凌振,17
花荣,徐宁,37
花荣,樊瑞,16
花荣,项充,22
花荣,李衮,22
花荣,段景住,7
花荣,卢俊义,38
花荣,燕青,13
花荣,蔡福,4
花荣,蔡庆,5
花荣,宣赞,20
花荣,关胜,47
花荣,郝思文,17
花荣,王定六,3
花荣,安道全,10
花荣,焦挺,3
花荣,单廷,8
花荣,魏定国,9
花荣,鲍旭,12
花荣,郁保四,6
花荣,董平,26
花荣,张清,20
花荣,龚旺,7
花荣,丁得孙,7
花荣,皇甫端,6
黄信,秦明,43
黄信,吕方,16
黄信,郭盛,16
黄信,石勇,11
黄信,李立,12
黄信,李俊,13
黄信,童威,7
黄信,童猛,7
黄信,薛永,9
黄信,张横,11
黄信,穆弘,22
黄信,穆春,8
黄信,戴宗,17
黄信,李逵,24
黄信,张顺,12
黄信,萧让,7
黄信,金大坚,5
黄信,侯健,5
黄信,欧鹏,23
黄信,蒋敬,9
黄信,马麟,14
黄信,陶宗旺,6
黄信,朱富,5
黄信,李云,9
黄信,杨林,12
黄信,邓飞,19
黄信,孟康,4
黄信,裴宣,8
黄信,杨雄,16
黄信,石秀,20
黄信,时迁,9
黄信,杜兴,9
黄信,李应,15
黄信,扈三娘,7
黄信,解珍,10
黄信,解宝,10
黄信,乐和,8
黄信,顾大嫂,11
黄信,邹渊,9
黄信,邹润,7
黄信,孙立,49
黄信,汤隆,7
黄信,呼延灼,20
黄信,韩滔,22
黄信,彭圯,6
黄信,凌振,8
黄信,徐宁,16
黄信,樊瑞,13
黄信,项充,14
黄信,李衮,14
黄信,段景住,7
黄信,卢俊义,17
黄信,燕青,7
黄信,蔡福,4
黄信,蔡庆,5
黄信,宣赞,17
黄信,关胜,17
黄信,郝思文,18
黄信,王定六,4
黄信,安道全,7
黄信,焦挺,7
黄信,单廷,12
黄信,魏定国,12
黄信,鲍旭,10
黄信,郁保四,3
黄信,董平,13
黄信,张清,8
黄信,龚旺,6
黄信,丁得孙,7
黄信,皇甫端,5
秦明,吕方,25
秦明,郭盛,26
秦明,石勇,11
秦明,李立,18
秦明,李俊,29
秦明,童威,9
秦明,童猛,8
秦明,薛永,8
秦明,张横,20
秦明,穆弘,17
秦明,穆春,7
秦明,戴宗,38
秦明,李逵,44
秦明,张顺,25
秦明,萧让,4
秦明,金大坚,3
秦明,侯健,4
秦明,欧鹏,27
秦明,蒋敬,6
秦明,马麟,25
秦明,陶宗旺,5
秦明,朱富,4
秦明,李云,5
秦明,杨林,24
秦明,邓飞,30
秦明,孟康,4
秦明,裴宣,7
秦明,杨雄,23
秦明,石秀,26
秦明,时迁,11
秦明,杜兴,7
秦明,李应,23
秦明,扈三娘,10
秦明,解珍,20
秦明,解宝,21
秦明,乐和,5
秦明,顾大嫂,11
秦明,邹渊,10
秦明,邹润,6
秦明,孙立,37
秦明,汤隆,15
秦明,呼延灼,65
秦明,韩滔,35
秦明,彭圯,16
秦明,凌振,12
秦明,徐宁,38
秦明,樊瑞,13
秦明,项充,20
秦明,李衮,19
秦明,段景住,6
秦明,卢俊义,21
秦明,燕青,11
秦明,蔡福,5
秦明,蔡庆,5
秦明,宣赞,22
秦明,关胜,47
秦明,郝思文,24
秦明,王定六,2
秦明,安道全,7
秦明,焦挺,8
秦明,单廷,11
秦明,魏定国,12
秦明,鲍旭,11
秦明,郁保四,5
秦明,董平,24
秦明,张清,12
秦明,龚旺,6
秦明,丁得孙,6
秦明,皇甫端,4
吕方,郭盛,74
吕方,石勇,11
吕方,李立,10
吕方,李俊,19
吕方,童威,7
吕方,童猛,7
吕方,薛永,8
吕方,张横,13
吕方,穆弘,14
吕方,穆春,7
吕方,戴宗,21
吕方,李逵,21
吕方,张顺,12
吕方,萧让,10
吕方,金大坚,3
吕方,侯健,4
吕方,欧鹏,21
吕方,蒋敬,5
吕方,马麟,17
吕方,陶宗旺,5
吕方,朱富,4
吕方,李云,6
吕方,杨林,11
吕方,邓飞,18
吕方,孟康,6
吕方,裴宣,9
吕方,杨雄,15
吕方,石秀,12
吕方,时迁,11
吕方,杜兴,4
吕方,李应,11
吕方,扈三娘,4
吕方,解珍,18
吕方,解宝,17
吕方,乐和,4
吕方,顾大嫂,12
吕方,邹渊,6
吕方,邹润,5
吕方,孙立,17
吕方,汤隆,13
吕方,呼延灼,20
吕方,韩滔,12
吕方,彭圯,4
吕方,凌振,6
吕方,徐宁,12
吕方,樊瑞,12
吕方,项充,14
吕方,李衮,14
吕方,段景住,6
吕方,卢俊义,13
吕方,燕青,9
吕方,蔡福,3
吕方,蔡庆,3
吕方,宣赞,10
吕方,关胜,19
吕方,郝思文,10
吕方,王定六,4
吕方,安道全,3
吕方,焦挺,3
吕方,单廷,7
吕方,魏定国,8
吕方,鲍旭,5
吕方,郁保四,3
吕方,董平,12
吕方,张清,12
吕方,龚旺,9
吕方,丁得孙,9
吕方,皇甫端,3
郭盛,石勇,11
郭盛,李立,8
郭盛,李俊,19
郭盛,童威,7
郭盛,童猛,7
郭盛,薛永,8
郭盛,张横,13
郭盛,穆弘,14
郭盛,穆春,7
郭盛,戴宗,19
郭盛,李逵,21
郭盛,张顺,12
郭盛,萧让,10
郭盛,金大坚,3
郭盛,侯健,4
郭盛,欧鹏,21
郭盛,蒋敬,4
郭盛,马麟,17
郭盛,陶宗旺,5
郭盛,朱富,4
郭盛,李云,6
郭盛,杨林,11
郭盛,邓飞,18
郭盛,孟康,6
郭盛,裴宣,9
郭盛,杨雄,15
郭盛,石秀,12
郭盛,时迁,9
郭盛,杜兴,4
郭盛,李应,11
郭盛,扈三娘,4
郭盛,解珍,18
郭盛,解宝,17
郭盛,乐和,4
郭盛,顾大嫂,10
郭盛,邹渊,6
郭盛,邹润,5
郭盛,孙立,17
郭盛,汤隆,12
郭盛,呼延灼,21
郭盛,韩滔,12
郭盛,彭圯,4
郭盛,凌振,7
郭盛,徐宁,12
郭盛,樊瑞,12
郭盛,项充,14
郭盛,李衮,14
郭盛,段景住,6
郭盛,卢俊义,13
郭盛,燕青,9
郭盛,蔡福,3
郭盛,蔡庆,3
郭盛,宣赞,10
郭盛,关胜,15
郭盛,郝思文,10
郭盛,王定六,4
郭盛,安道全,4
郭盛,焦挺,3
郭盛,单廷,7
郭盛,魏定国,8
郭盛,鲍旭,6
郭盛,郁保四,3
郭盛,董平,10
郭盛,张清,10
郭盛,龚旺,9
郭盛,丁得孙,9
郭盛,皇甫端,3
石勇,李立,12
石勇,李俊,7
石勇,童威,7
石勇,童猛,7
石勇,薛永,10
石勇,张横,5
石勇,穆弘,7
石勇,穆春,11
石勇,戴宗,9
石勇,李逵,6
石勇,张顺,5
石勇,萧让,5
石勇,金大坚,5
石勇,侯健,7
石勇,欧鹏,11
石勇,蒋敬,5
石勇,马麟,6
石勇,陶宗旺,6
石勇,朱富,8
石勇,李云,17
石勇,杨林,19
石勇,邓飞,11
石勇,孟康,5
石勇,裴宣,2
石勇,杨雄,11
石勇,石秀,9
石勇,时迁,14
石勇,杜兴,5
石勇,李应,5
石勇,扈三娘,3
石勇,解珍,13
石勇,解宝,13
石勇,乐和,5
石勇,顾大嫂,9
石勇,邹渊,13
石勇,邹润,9
石勇,孙立,8
石勇,汤隆,8
石勇,呼延灼,9
石勇,韩滔,7
石勇,彭圯,3
石勇,凌振,5
石勇,徐宁,7
石勇,樊瑞,6
石勇,项充,6
石勇,李衮,5
石勇,段景住,11
石勇,卢俊义,13
石勇,燕青,4
石勇,蔡福,2
石勇,蔡庆,2
石勇,宣赞,5
石勇,关胜,4
石勇,郝思文,5
石勇,王定六,5
石勇,安道全,3
石勇,焦挺,8
石勇,单廷,5
石勇,魏定国,6
石勇,鲍旭,5
石勇,郁保四,6
石勇,董平,5
石勇,张清,5
石勇,龚旺,8
石勇,丁得孙,11
石勇,皇甫端,2
李立,李俊,7
李立,童威,9
李立,童猛,8
李立,薛永,10
李立,张横,7
李立,穆弘,12
李立,穆春,11
李立,戴宗,7
李立,李逵,7
李立,张顺,8
李立,萧让,5
李立,金大坚,5
李立,侯健,5
李立,欧鹏,13
李立,蒋敬,6
李立,马麟,7
李立,陶宗旺,5
李立,朱富,6
李立,李云,9
李立,杨林,6
李立,邓飞,9
李立,孟康,4
李立,裴宣,3
李立,杨雄,7
李立,石秀,3
李立,时迁,11
李立,杜兴,7
李立,李应,4
李立,扈三娘,2
李立,解珍,10
李立,解宝,11
李立,乐和,6
李立,顾大嫂,13
李立,邹渊,11
李立,邹润,7
李立,孙立,9
李立,汤隆,13
李立,呼延灼,15
李立,韩滔,8
李立,彭圯,4
李立,凌振,6
李立,徐宁,4
李立,樊瑞,4
李立,项充,5
李立,李衮,5
李立,段景住,4
李立,卢俊义,9
李立,燕青,4
李立,蔡福,4
李立,蔡庆,4
李立,宣赞,4
李立,关胜,3
李立,郝思文,4
李立,王定六,5
李立,安道全,3
李立,焦挺,3
李立,单廷,3
李立,魏定国,4
李立,鲍旭,3
李立,郁保四,4
李立,董平,6
李立,张清,7
李立,龚旺,5
李立,丁得孙,5
李立,皇甫端,2
李俊,童威,46
李俊,童猛,41
李俊,薛永,11
李俊,张横,45
李俊,穆弘,29
李俊,穆春,6
李俊,戴宗,40
李俊,李逵,28
李俊,张顺,63
李俊,萧让,5
李俊,金大坚,3
李俊,侯健,7
李俊,欧鹏,13
李俊,蒋敬,7
李俊,马麟,14
李俊,陶宗旺,4
李俊,朱富,3
李俊,李云,6
李俊,杨林,11
李俊,邓飞,10
李俊,孟康,13
李俊,裴宣,5
李俊,杨雄,15
李俊,石秀,26
李俊,时迁,7
李俊,杜兴,7
李俊,李应,19
李俊,扈三娘,4
李俊,解珍,13
李俊,解宝,13
李俊,乐和,4
李俊,顾大嫂,7
李俊,邹渊,3
李俊,邹润,2
李俊,孙立,19
李俊,汤隆,11
李俊,呼延灼,28
李俊,韩滔,14
李俊,彭圯,7
李俊,凌振,12
李俊,徐宁,20
李俊,樊瑞,12
李俊,项充,15
李俊,李衮,15
李俊,段景住,6
李俊,卢俊义,14
李俊,燕青,12
李俊,蔡福,2
李俊,蔡庆,2
李俊,宣赞,10
李俊,关胜,17
李俊,郝思文,9
李俊,王定六,4
李俊,安道全,3
李俊,焦挺,3
李俊,单廷,7
李俊,魏定国,7
李俊,鲍旭,10
李俊,郁保四,4
李俊,董平,7
李俊,张清,7
李俊,龚旺,2
李俊,丁得孙,2
李俊,皇甫端,3
童威,童猛,55
童威,薛永,9
童威,张横,18
童威,穆弘,7
童威,穆春,9
童威,戴宗,9
童威,李逵,5
童威,张顺,21
童威,萧让,6
童威,金大坚,5
童威,侯健,4
童威,欧鹏,8
童威,蒋敬,7
童威,马麟,8
童威,陶宗旺,5
童威,朱富,4
童威,李云,6
童威,杨林,8
童威,邓飞,7
童威,孟康,12
童威,裴宣,3
童威,杨雄,6
童威,石秀,9
童威,时迁,6
童威,杜兴,9
童威,李应,9
童威,扈三娘,1
童威,解珍,7
童威,解宝,7
童威,乐和,4
童威,顾大嫂,6
童威,邹渊,4
童威,邹润,2
童威,孙立,7
童威,汤隆,5
童威,呼延灼,9
童威,韩滔,7
童威,彭圯,2
童威,凌振,4
童威,徐宁,9
童威,樊瑞,6
童威,项充,6
童威,李衮,6
童威,段景住,4
童威,卢俊义,8
童威,燕青,7
童威,蔡福,2
童威,蔡庆,2
童威,宣赞,6
童威,关胜,9
童威,郝思文,5
童威,王定六,4
童威,安道全,3
童威,焦挺,2
童威,单廷,5
童威,魏定国,5
童威,鲍旭,2
童威,郁保四,3
童威,董平,5
童威,张清,3
童威,龚旺,2
童威,丁得孙,2
童威,皇甫端,3
童猛,薛永,8
童猛,张横,14
童猛,穆弘,6
童猛,穆春,8
童猛,戴宗,9
童猛,李逵,6
童猛,张顺,18
童猛,萧让,6
童猛,金大坚,5
童猛,侯健,4
童猛,欧鹏,8
童猛,蒋敬,7
童猛,马麟,7
童猛,陶宗旺,5
童猛,朱富,4
童猛,李云,6
童猛,杨林,8
童猛,邓飞,7
童猛,孟康,12
童猛,裴宣,3
童猛,杨雄,6
童猛,石秀,9
童猛,时迁,6
童猛,杜兴,9
童猛,李应,9
童猛,扈三娘,1
童猛,解珍,7
童猛,解宝,7
童猛,乐和,4
童猛,顾大嫂,6
童猛,邹渊,4
童猛,邹润,2
童猛,孙立,7
童猛,汤隆,5
童猛,呼延灼,9
童猛,韩滔,7
童猛,彭圯,2
童猛,凌振,4
童猛,徐宁,9
童猛,樊瑞,6
童猛,项充,6
童猛,李衮,6
童猛,段景住,4
童猛,卢俊义,8
童猛,燕青,7
童猛,蔡福,2
童猛,蔡庆,2
童猛,宣赞,5
童猛,关胜,8
童猛,郝思文,5
童猛,王定六,4
童猛,安道全,3
童猛,焦挺,2
童猛,单廷,5
童猛,魏定国,5
童猛,鲍旭,2
童猛,郁保四,3
童猛,董平,5
童猛,张清,3
童猛,龚旺,2
童猛,丁得孙,2
童猛,皇甫端,3
薛永,张横,9
薛永,穆弘,12
薛永,穆春,19
薛永,戴宗,9
薛永,李逵,8
薛永,张顺,9
薛永,萧让,4
薛永,金大坚,4
薛永,侯健,6
薛永,欧鹏,9
薛永,蒋敬,5
薛永,马麟,8
薛永,陶宗旺,6
薛永,朱富,6
薛永,李云,13
薛永,杨林,13
薛永,邓飞,7
薛永,孟康,4
薛永,裴宣,2
薛永,杨雄,10
薛永,石秀,8
薛永,时迁,10
薛永,杜兴,6
薛永,李应,9
薛永,扈三娘,2
薛永,解珍,9
薛永,解宝,9
薛永,乐和,6
薛永,顾大嫂,6
薛永,邹渊,9
薛永,邹润,8
薛永,孙立,8
薛永,汤隆,11
薛永,呼延灼,8
薛永,韩滔,5
薛永,彭圯,5
薛永,凌振,3
薛永,徐宁,8
薛永,樊瑞,8
薛永,项充,8
薛永,李衮,8
薛永,段景住,3
薛永,卢俊义,10
薛永,燕青,7
薛永,蔡福,4
薛永,蔡庆,4
薛永,宣赞,4
薛永,关胜,4
薛永,郝思文,4
薛永,王定六,3
薛永,安道全,2
薛永,焦挺,5
薛永,单廷,8
薛永,魏定国,8
薛永,鲍旭,6
薛永,郁保四,3
薛永,董平,4
薛永,张清,6
薛永,龚旺,6
薛永,丁得孙,7
薛永,皇甫端,2
张横,穆弘,20
张横,穆春,9
张横,戴宗,17
张横,李逵,15
张横,张顺,48
张横,萧让,4
张横,金大坚,3
张横,侯健,6
张横,欧鹏,12
张横,蒋敬,6
张横,马麟,8
张横,陶宗旺,5
张横,朱富,5
张横,李云,7
张横,杨林,12
张横,邓飞,10
张横,孟康,7
张横,裴宣,5
张横,杨雄,13
张横,石秀,15
张横,时迁,6
张横,杜兴,6
张横,李应,7
张横,扈三娘,4
张横,解珍,9
张横,解宝,9
张横,乐和,4
张横,顾大嫂,6
张横,邹渊,3
张横,邹润,2
张横,孙立,17
张横,汤隆,9
张横,呼延灼,19
张横,韩滔,12
张横,彭圯,6
张横,凌振,6
张横,徐宁,8
张横,樊瑞,6
张横,项充,7
张横,李衮,7
张横,段景住,7
张横,卢俊义,9
张横,燕青,4
张横,蔡福,2
张横,蔡庆,2
张横,宣赞,7
张横,关胜,14
张横,郝思文,6
张横,王定六,3
张横,安道全,4
张横,焦挺,2
张横,单廷,4
张横,魏定国,5
张横,鲍旭,3
张横,郁保四,2
张横,董平,5
张横,张清,4
张横,龚旺,2
张横,丁得孙,2
张横,皇甫端,3
穆弘,穆春,17
穆弘,戴宗,14
穆弘,李逵,27
穆弘,张顺,14
穆弘,萧让,6
穆弘,金大坚,4
穆弘,侯健,4
穆弘,欧鹏,18
穆弘,蒋敬,7
穆弘,马麟,11
穆弘,陶宗旺,7
穆弘,朱富,7
穆弘,李云,8
穆弘,杨林,10
穆弘,邓飞,13
穆弘,孟康,5
穆弘,裴宣,6
穆弘,杨雄,20
穆弘,石秀,11
穆弘,时迁,9
穆弘,杜兴,12
穆弘,李应,14
穆弘,扈三娘,4
穆弘,解珍,14
穆弘,解宝,14
穆弘,乐和,6
穆弘,顾大嫂,12
穆弘,邹渊,9
穆弘,邹润,4
穆弘,孙立,19
穆弘,汤隆,10
穆弘,呼延灼,21
穆弘,韩滔,13
穆弘,彭圯,5
穆弘,凌振,7
穆弘,徐宁,14
穆弘,樊瑞,11
穆弘,项充,13
穆弘,李衮,13
穆弘,段景住,5
穆弘,卢俊义,22
穆弘,燕青,13
穆弘,蔡福,3
穆弘,蔡庆,3
穆弘,宣赞,7
穆弘,关胜,9
穆弘,郝思文,7
穆弘,王定六,3
穆弘,安道全,6
穆弘,焦挺,3
穆弘,单廷,5
穆弘,魏定国,6
穆弘,鲍旭,6
穆弘,郁保四,2
穆弘,董平,13
穆弘,张清,12
穆弘,龚旺,4
穆弘,丁得孙,4
穆弘,皇甫端,4
穆春,戴宗,6
穆春,李逵,7
穆春,张顺,6
穆春,萧让,6
穆春,金大坚,6
穆春,侯健,3
穆春,欧鹏,9
穆春,蒋敬,6
穆春,马麟,6
穆春,陶宗旺,7
穆春,朱富,9
穆春,李云,8
穆春,杨林,10
穆春,邓飞,8
穆春,孟康,5
穆春,裴宣,4
穆春,杨雄,8
穆春,石秀,5
穆春,时迁,8
穆春,杜兴,8
穆春,李应,9
穆春,扈三娘,4
穆春,解珍,12
穆春,解宝,12
穆春,乐和,6
穆春,顾大嫂,12
穆春,邹渊,12
穆春,邹润,9
穆春,孙立,8
穆春,汤隆,9
穆春,呼延灼,11
穆春,韩滔,10
穆春,彭圯,3
穆春,凌振,5
穆春,徐宁,8
穆春,樊瑞,9
穆春,项充,8
穆春,李衮,8
穆春,段景住,3
穆春,卢俊义,12
穆春,燕青,7
穆春,蔡福,5
穆春,蔡庆,7
穆春,宣赞,5
穆春,关胜,5
穆春,郝思文,5
穆春,王定六,3
穆春,安道全,4
穆春,焦挺,5
穆春,单廷,7
穆春,魏定国,7
穆春,鲍旭,4
穆春,郁保四,2
穆春,董平,4
穆春,张清,5
穆春,龚旺,6
穆春,丁得孙,7
穆春,皇甫端,3
戴宗,李逵,202
戴宗,张顺,46
戴宗,萧让,17
戴宗,金大坚,9
戴宗,侯健,4
戴宗,欧鹏,17
戴宗,蒋敬,8
戴宗,马麟,18
戴宗,陶宗旺,5
戴宗,朱富,3
戴宗,李云,12
戴宗,杨林,42
戴宗,邓飞,18
戴宗,孟康,7
戴宗,裴宣,16
戴宗,杨雄,22
戴宗,石秀,39
戴宗,时迁,18
戴宗,杜兴,8
戴宗,李应,19
戴宗,扈三娘,4
戴宗,解珍,15
戴宗,解宝,15
戴宗,乐和,21
戴宗,顾大嫂,9
戴宗,邹渊,5
戴宗,邹润,5
戴宗,孙立,24
戴宗,汤隆,21
戴宗,呼延灼,31
戴宗,韩滔,10
戴宗,彭圯,6
戴宗,凌振,16
戴宗,徐宁,24
戴宗,樊瑞,19
戴宗,项充,22
戴宗,李衮,22
戴宗,段景住,10
戴宗,卢俊义,22
戴宗,燕青,54
戴宗,蔡福,5
戴宗,蔡庆,6
戴宗,宣赞,10
戴宗,关胜,17
戴宗,郝思文,10
戴宗,王定六,11
戴宗,安道全,15
戴宗,焦挺,7
戴宗,单廷,6
戴宗,魏定国,6
戴宗,鲍旭,15
戴宗,郁保四,5
戴宗,董平,11
戴宗,张清,17
戴宗,龚旺,3
戴宗,丁得孙,3
戴宗,皇甫端,5
李逵,张顺,33
李逵,萧让,13
李逵,金大坚,5
李逵,侯健,4
李逵,欧鹏,20
李逵,蒋敬,8
李逵,马麟,25
李逵,陶宗旺,5
李逵,朱富,7
李逵,李云,12
李逵,杨林,29
李逵,邓飞,16
李逵,孟康,7
李逵,裴宣,13
李逵,杨雄,23
李逵,石秀,26
李逵,时迁,19
李逵,杜兴,9
李逵,李应,16
李逵,扈三娘,15
李逵,解珍,35
李逵,解宝,34
李逵,乐和,13
李逵,顾大嫂,14
李逵,邹渊,5
李逵,邹润,4
李逵,孙立,27
李逵,汤隆,23
李逵,呼延灼,34
李逵,韩滔,17
李逵,彭圯,9
李逵,凌振,20
李逵,徐宁,22
李逵,樊瑞,50
李逵,项充,71
李逵,李衮,65
李逵,段景住,9
李逵,卢俊义,57
李逵,燕青,113
李逵,蔡福,7
李逵,蔡庆,8
李逵,宣赞,18
李逵,关胜,63
李逵,郝思文,18
李逵,王定六,5
李逵,安道全,15
李逵,焦挺,16
李逵,单廷,30
李逵,魏定国,28
李逵,鲍旭,65
李逵,郁保四,9
李逵,董平,15
李逵,张清,20
李逵,龚旺,7
李逵,丁得孙,5
李逵,皇甫端,7
张顺,萧让,4
张顺,金大坚,3
张顺,侯健,6
张顺,欧鹏,11
张顺,蒋敬,6
张顺,马麟,13
张顺,陶宗旺,4
张顺,朱富,3
张顺,李云,6
张顺,杨林,9
张顺,邓飞,11
张顺,孟康,9
张顺,裴宣,6
张顺,杨雄,16
张顺,石秀,31
张顺,时迁,7
张顺,杜兴,7
张顺,李应,17
张顺,扈三娘,5
张顺,解珍,16
张顺,解宝,16
张顺,乐和,6
张顺,顾大嫂,8
张顺,邹渊,7
张顺,邹润,2
张顺,孙立,16
张顺,汤隆,8
张顺,呼延灼,24
张顺,韩滔,10
张顺,彭圯,6
张顺,凌振,7
张顺,徐宁,17
张顺,樊瑞,9
张顺,项充,10
张顺,李衮,10
张顺,段景住,5
张顺,卢俊义,14
张顺,燕青,9
张顺,蔡福,5
张顺,蔡庆,4
张顺,宣赞,11
张顺,关胜,16
张顺,郝思文,7
张顺,王定六,19
张顺,安道全,35
张顺,焦挺,2
张顺,单廷,4
张顺,魏定国,4
张顺,鲍旭,5
张顺,郁保四,2
张顺,董平,5
张顺,张清,5
张顺,龚旺,3
张顺,丁得孙,2
张顺,皇甫端,3
萧让,金大坚,31
萧让,侯健,6
萧让,欧鹏,6
萧让,蒋敬,11
萧让,马麟,6
萧让,陶宗旺,6
萧让,朱富,5
萧让,李云,6
萧让,杨林,5
萧让,邓飞,5
萧让,孟康,6
萧让,裴宣,25
萧让,杨雄,5
萧让,石秀,4
萧让,时迁,4
萧让,杜兴,5
萧让,李应,7
萧让,扈三娘,2
萧让,解珍,9
萧让,解宝,9
萧让,乐和,28
萧让,顾大嫂,6
萧让,邹渊,3
萧让,邹润,3
萧让,孙立,7
萧让,汤隆,7
萧让,呼延灼,5
萧让,韩滔,4
萧让,彭圯,1
萧让,凌振,7
萧让,徐宁,8
萧让,樊瑞,7
萧让,项充,7
萧让,李衮,7
萧让,段景住,4
萧让,卢俊义,19
萧让,燕青,12
萧让,蔡福,3
萧让,蔡庆,4
萧让,宣赞,6
萧让,关胜,4
萧让,郝思文,5
萧让,王定六,3
萧让,安道全,13
萧让,焦挺,3
萧让,单廷,5
萧让,魏定国,6
萧让,鲍旭,4
萧让,郁保四,4
萧让,董平,3
萧让,张清,9
萧让,龚旺,2
萧让,丁得孙,2
萧让,皇甫端,12
金大坚,侯健,9
金大坚,欧鹏,4
金大坚,蒋敬,9
金大坚,马麟,4
金大坚,陶宗旺,6
金大坚,朱富,5
金大坚,李云,5
金大坚,杨林,4
金大坚,邓飞,3
金大坚,孟康,6
金大坚,裴宣,11
金大坚,杨雄,3
金大坚,石秀,2
金大坚,时迁,4
金大坚,杜兴,5
金大坚,李应,5
金大坚,扈三娘,2
金大坚,解珍,5
金大坚,解宝,5
金大坚,乐和,11
金大坚,顾大嫂,6
金大坚,邹渊,3
金大坚,邹润,3
金大坚,孙立,4
金大坚,汤隆,5
金大坚,呼延灼,4
金大坚,韩滔,3
金大坚,彭圯,1
金大坚,凌振,5
金大坚,徐宁,4
金大坚,樊瑞,5
金大坚,项充,4
金大坚,李衮,5
金大坚,段景住,4
金大坚,卢俊义,10
金大坚,燕青,2
金大坚,蔡福,3
金大坚,蔡庆,4
金大坚,宣赞,2
金大坚,关胜,2
金大坚,郝思文,2
金大坚,王定六,3
金大坚,安道全,8
金大坚,焦挺,3
金大坚,单廷,3
金大坚,魏定国,3
金大坚,鲍旭,3
金大坚,郁保四,4
金大坚,董平,2
金大坚,张清,4
金大坚,龚旺,2
金大坚,丁得孙,2
金大坚,皇甫端,10
侯健,欧鹏,3
侯健,蒋敬,7
侯健,马麟,4
侯健,陶宗旺,4
侯健,朱富,5
侯健,李云,4
侯健,杨林,5
侯健,邓飞,2
侯健,孟康,7
侯健,裴宣,6
侯健,杨雄,3
侯健,石秀,3
侯健,时迁,5
侯健,杜兴,4
侯健,李应,5
侯健,扈三娘,2
侯健,解珍,7
侯健,解宝,7
侯健,乐和,5
侯健,顾大嫂,5
侯健,邹渊,2
侯健,邹润,1
侯健,孙立,4
侯健,汤隆,6
侯健,呼延灼,3
侯健,韩滔,4
侯健,彭圯,1
侯健,凌振,5
侯健,徐宁,5
侯健,樊瑞,4
侯健,项充,4
侯健,李衮,4
侯健,段景住,9
侯健,卢俊义,3
侯健,燕青,1
侯健,蔡福,3
侯健,蔡庆,3
侯健,宣赞,2
侯健,关胜,2
侯健,郝思文,2
侯健,王定六,2
侯健,安道全,4
侯健,焦挺,2
侯健,单廷,2
侯健,魏定国,2
侯健,鲍旭,4
侯健,郁保四,5
侯健,董平,2
侯健,张清,2
侯健,龚旺,1
侯健,丁得孙,1
侯健,皇甫端,4
欧鹏,蒋敬,5
欧鹏,马麟,23
欧鹏,陶宗旺,7
欧鹏,朱富,5
欧鹏,李云,8
欧鹏,杨林,16
欧鹏,邓飞,40
欧鹏,孟康,4
欧鹏,裴宣,7
欧鹏,杨雄,19
欧鹏,石秀,16
欧鹏,时迁,11
欧鹏,杜兴,6
欧鹏,李应,7
欧鹏,扈三娘,4
欧鹏,解珍,12
欧鹏,解宝,13
欧鹏,乐和,5
欧鹏,顾大嫂,13
欧鹏,邹渊,10
欧鹏,邹润,7
欧鹏,孙立,25
欧鹏,汤隆,12
欧鹏,呼延灼,26
欧鹏,韩滔,20
欧鹏,彭圯,6
欧鹏,凌振,8
欧鹏,徐宁,12
欧鹏,樊瑞,10
欧鹏,项充,13
欧鹏,李衮,13
欧鹏,段景住,7
欧鹏,卢俊义,19
欧鹏,燕青,8
欧鹏,蔡福,3
欧鹏,蔡庆,3
欧鹏,宣赞,12
欧鹏,关胜,10
欧鹏,郝思文,12
欧鹏,王定六,4
欧鹏,安道全,4
欧鹏,焦挺,5
欧鹏,单廷,13
欧鹏,魏定国,14
欧鹏,鲍旭,7
欧鹏,郁保四,3
欧鹏,董平,12
欧鹏,张清,7
欧鹏,龚旺,6
欧鹏,丁得孙,8
欧鹏,皇甫端,3
蒋敬,马麟,7
蒋敬,陶宗旺,5
蒋敬,朱富,5
蒋敬,李云,5
蒋敬,杨林,5
蒋敬,邓飞,4
蒋敬,孟康,6
蒋敬,裴宣,14
蒋敬,杨雄,5
蒋敬,石秀,5
蒋敬,时迁,4
蒋敬,杜兴,8
蒋敬,李应,8
蒋敬,扈三娘,3
蒋敬,解珍,8
蒋敬,解宝,8
蒋敬,乐和,7
蒋敬,顾大嫂,6
蒋敬,邹渊,3
蒋敬,邹润,4
蒋敬,孙立,7
蒋敬,汤隆,5
蒋敬,呼延灼,5
蒋敬,韩滔,5
蒋敬,彭圯,1
蒋敬,凌振,8
蒋敬,徐宁,6
蒋敬,樊瑞,9
蒋敬,项充,9
蒋敬,李衮,9
蒋敬,段景住,6
蒋敬,卢俊义,5
蒋敬,燕青,5
蒋敬,蔡福,5
蒋敬,蔡庆,6
蒋敬,宣赞,4
蒋敬,关胜,4
蒋敬,郝思文,4
蒋敬,王定六,3
蒋敬,安道全,9
蒋敬,焦挺,2
蒋敬,单廷,4
蒋敬,魏定国,4
蒋敬,鲍旭,5
蒋敬,郁保四,6
蒋敬,董平,3
蒋敬,张清,5
蒋敬,龚旺,2
蒋敬,丁得孙,2
蒋敬,皇甫端,7
马麟,陶宗旺,4
马麟,朱富,3
马麟,李云,7
马麟,杨林,13
马麟,邓飞,26
马麟,孟康,7
马麟,裴宣,5
马麟,杨雄,9
马麟,石秀,11
马麟,时迁,6
马麟,杜兴,7
马麟,李应,10
马麟,扈三娘,6
马麟,解珍,11
马麟,解宝,10
马麟,乐和,4
马麟,顾大嫂,8
马麟,邹渊,6
马麟,邹润,4
马麟,孙立,21
马麟,汤隆,8
马麟,呼延灼,10
马麟,韩滔,15
马麟,彭圯,5
马麟,凌振,8
马麟,徐宁,11
马麟,樊瑞,17
马麟,项充,20
马麟,李衮,21
马麟,段景住,6
马麟,卢俊义,11
马麟,燕青,7
马麟,蔡福,4
马麟,蔡庆,4
马麟,宣赞,10
马麟,关胜,12
马麟,郝思文,10
马麟,王定六,3
马麟,安道全,3
马麟,焦挺,3
马麟,单廷,10
马麟,魏定国,10
马麟,鲍旭,11
马麟,郁保四,5
马麟,董平,5
马麟,张清,5
马麟,龚旺,3
马麟,丁得孙,3
马麟,皇甫端,2
陶宗旺,朱富,7
陶宗旺,李云,9
陶宗旺,杨林,5
陶宗旺,邓飞,6
陶宗旺,孟康,6
陶宗旺,裴宣,3
陶宗旺,杨雄,6
陶宗旺,石秀,4
陶宗旺,时迁,6
陶宗旺,杜兴,5
陶宗旺,李应,5
陶宗旺,扈三娘,2
陶宗旺,解珍,5
陶宗旺,解宝,5
陶宗旺,乐和,5
陶宗旺,顾大嫂,6
陶宗旺,邹渊,5
陶宗旺,邹润,3
陶宗旺,孙立,5
陶宗旺,汤隆,6
陶宗旺,呼延灼,5
陶宗旺,韩滔,5
陶宗旺,彭圯,2
陶宗旺,凌振,3
陶宗旺,徐宁,5
陶宗旺,樊瑞,4
陶宗旺,项充,4
陶宗旺,李衮,4
陶宗旺,段景住,4
陶宗旺,卢俊义,6
陶宗旺,燕青,2
陶宗旺,蔡福,2
陶宗旺,蔡庆,2
陶宗旺,宣赞,2
陶宗旺,关胜,1
陶宗旺,郝思文,2
陶宗旺,王定六,2
陶宗旺,安道全,3
陶宗旺,焦挺,5
陶宗旺,单廷,2
陶宗旺,魏定国,2
陶宗旺,鲍旭,2
陶宗旺,郁保四,3
陶宗旺,董平,2
陶宗旺,张清,4
陶宗旺,龚旺,3
陶宗旺,丁得孙,3
陶宗旺,皇甫端,4
朱富,李云,14
朱富,杨林,6
朱富,邓飞,5
朱富,孟康,5
朱富,裴宣,3
朱富,杨雄,5
朱富,石秀,3
朱富,时迁,8
朱富,杜兴,4
朱富,李应,4
朱富,扈三娘,1
朱富,解珍,5
朱富,解宝,5
朱富,乐和,4
朱富,顾大嫂,5
朱富,邹渊,5
朱富,邹润,4
朱富,孙立,3
朱富,汤隆,5
朱富,呼延灼,4
朱富,韩滔,3
朱富,彭圯,1
朱富,凌振,3
朱富,徐宁,3
朱富,樊瑞,3
朱富,项充,3
朱富,李衮,3
朱富,段景住,3
朱富,卢俊义,6
朱富,燕青,3
朱富,蔡福,3
朱富,蔡庆,2
朱富,宣赞,2
朱富,关胜,1
朱富,郝思文,2
朱富,王定六,3
朱富,安道全,4
朱富,焦挺,3
朱富,单廷,2
朱富,魏定国,3
朱富,鲍旭,2
朱富,郁保四,3
朱富,董平,3
朱富,张清,4
朱富,龚旺,4
朱富,丁得孙,4
朱富,皇甫端,3
李云,杨林,10
李云,邓飞,7
李云,孟康,7
李云,裴宣,3
李云,杨雄,7
李云,石秀,6
李云,时迁,12
李云,杜兴,7
李云,李应,5
李云,扈三娘,5
李云,解珍,9
李云,解宝,9
李云,乐和,9
李云,顾大嫂,10
李云,邹渊,9
李云,邹润,6
李云,孙立,10
李云,汤隆,20
李云,呼延灼,8
李云,韩滔,5
李云,彭圯,5
李云,凌振,4
李云,徐宁,13
李云,樊瑞,5
李云,项充,5
李云,李衮,5
李云,段景住,6
李云,卢俊义,11
李云,燕青,5
李云,蔡福,3
李云,蔡庆,3
李云,宣赞,5
李云,关胜,4
李云,郝思文,5
李云,王定六,6
李云,安道全,4
李云,焦挺,5
李云,单廷,8
李云,魏定国,9
李云,鲍旭,5
李云,郁保四,6
李云,董平,4
李云,张清,11
李云,龚旺,3
李云,丁得孙,5
李云,皇甫端,3
杨林,邓飞,21
杨林,孟康,6
杨林,裴宣,8
杨林,杨雄,17
杨林,石秀,17
杨林,时迁,14
杨林,杜兴,10
杨林,李应,10
杨林,扈三娘,4
杨林,解珍,11
杨林,解宝,11
杨林,乐和,8
杨林,顾大嫂,10
杨林,邹渊,7
杨林,邹润,7
杨林,孙立,16
杨林,汤隆,12
杨林,呼延灼,10
杨林,韩滔,13
杨林,彭圯,5
杨林,凌振,7
杨林,徐宁,12
杨林,樊瑞,8
杨林,项充,8
杨林,李衮,8
杨林,段景住,8
杨林,卢俊义,15
杨林,燕青,6
杨林,蔡福,4
杨林,蔡庆,7
杨林,宣赞,8
杨林,关胜,7
杨林,郝思文,8
杨林,王定六,4
杨林,安道全,4
杨林,焦挺,6
杨林,单廷,7
杨林,魏定国,7
杨林,鲍旭,7
杨林,郁保四,6
杨林,董平,5
杨林,张清,6
杨林,龚旺,5
杨林,丁得孙,5
杨林,皇甫端,3
邓飞,孟康,6
邓飞,裴宣,8
邓飞,杨雄,16
邓飞,石秀,13
邓飞,时迁,10
邓飞,杜兴,6
邓飞,李应,7
邓飞,扈三娘,3
邓飞,解珍,10
邓飞,解宝,10
邓飞,乐和,4
邓飞,顾大嫂,11
邓飞,邹渊,12
邓飞,邹润,8
邓飞,孙立,21
邓飞,汤隆,9
邓飞,呼延灼,16
邓飞,韩滔,19
邓飞,彭圯,6
邓飞,凌振,8
邓飞,徐宁,11
邓飞,樊瑞,8
邓飞,项充,11
邓飞,李衮,11
邓飞,段景住,6
邓飞,卢俊义,16
邓飞,燕青,9
邓飞,蔡福,3
邓飞,蔡庆,3
邓飞,宣赞,12
邓飞,关胜,11
邓飞,郝思文,13
邓飞,王定六,4
邓飞,安道全,4
邓飞,焦挺,5
邓飞,单廷,11
邓飞,魏定国,12
邓飞,鲍旭,6
邓飞,郁保四,4
邓飞,董平,12
邓飞,张清,7
邓飞,龚旺,7
邓飞,丁得孙,6
邓飞,皇甫端,3
孟康,裴宣,6
孟康,杨雄,4
孟康,石秀,5
孟康,时迁,5
孟康,杜兴,5
孟康,李应,5
孟康,扈三娘,2
孟康,解珍,8
孟康,解宝,8
孟康,乐和,5
孟康,顾大嫂,6
孟康,邹渊,4
孟康,邹润,2
孟康,孙立,4
孟康,汤隆,7
孟康,呼延灼,4
孟康,韩滔,4
孟康,彭圯,2
孟康,凌振,4
孟康,徐宁,5
孟康,樊瑞,6
孟康,项充,7
孟康,李衮,7
孟康,段景住,5
孟康,卢俊义,4
孟康,燕青,3
孟康,蔡福,4
孟康,蔡庆,4
孟康,宣赞,2
孟康,关胜,3
孟康,郝思文,2
孟康,王定六,5
孟康,安道全,4
孟康,焦挺,3
孟康,单廷,3
孟康,魏定国,3
孟康,鲍旭,5
孟康,郁保四,4
孟康,董平,2
孟康,张清,3
孟康,龚旺,2
孟康,丁得孙,2
孟康,皇甫端,4
裴宣,杨雄,7
裴宣,石秀,8
裴宣,时迁,3
裴宣,杜兴,6
裴宣,李应,7
裴宣,扈三娘,3
裴宣,解珍,9
裴宣,解宝,9
裴宣,乐和,7
裴宣,顾大嫂,6
裴宣,邹渊,2
裴宣,邹润,3
裴宣,孙立,9
裴宣,汤隆,4
裴宣,呼延灼,6
裴宣,韩滔,6
裴宣,彭圯,3
裴宣,凌振,9
裴宣,徐宁,6
裴宣,樊瑞,9
裴宣,项充,9
裴宣,李衮,9
裴宣,段景住,5
裴宣,卢俊义,17
裴宣,燕青,6
裴宣,蔡福,4
裴宣,蔡庆,5
裴宣,宣赞,5
裴宣,关胜,6
裴宣,郝思文,4
裴宣,王定六,2
裴宣,安道全,10
裴宣,焦挺,1
裴宣,单廷,3
裴宣,魏定国,3
裴宣,鲍旭,4
裴宣,郁保四,5
裴宣,董平,2
裴宣,张清,5
裴宣,龚旺,1
裴宣,丁得孙,1
裴宣,皇甫端,6
杨雄,石秀,119
杨雄,时迁,26
杨雄,杜兴,15
杨雄,李应,19
杨雄,扈三娘,4
杨雄,解珍,20
杨雄,解宝,20
杨雄,乐和,7
杨雄,顾大嫂,11
杨雄,邹渊,12
杨雄,邹润,7
杨雄,孙立,19
杨雄,汤隆,9
杨雄,呼延灼,18
杨雄,韩滔,11
杨雄,彭圯,5
杨雄,凌振,8
杨雄,徐宁,11
杨雄,樊瑞,11
杨雄,项充,14
杨雄,李衮,14
杨雄,段景住,5
杨雄,卢俊义,20
杨雄,燕青,19
杨雄,蔡福,8
杨雄,蔡庆,8
杨雄,宣赞,6
杨雄,关胜,5
杨雄,郝思文,6
杨雄,王定六,3
杨雄,安道全,6
杨雄,焦挺,6
杨雄,单廷,4
杨雄,魏定国,5
杨雄,鲍旭,7
杨雄,郁保四,3
杨雄,董平,8
杨雄,张清,9
杨雄,龚旺,6
杨雄,丁得孙,6
杨雄,皇甫端,5
石秀,时迁,43
石秀,杜兴,12
石秀,李应,21
石秀,扈三娘,5
石秀,解珍,21
石秀,解宝,20
石秀,乐和,4
石秀,顾大嫂,6
石秀,邹渊,10
石秀,邹润,6
石秀,孙立,26
石秀,汤隆,6
石秀,呼延灼,17
石秀,韩滔,10
石秀,彭圯,5
石秀,凌振,7
石秀,徐宁,12
石秀,樊瑞,14
石秀,项充,14
石秀,李衮,14
石秀,段景住,5
石秀,卢俊义,29
石秀,燕青,24
石秀,蔡福,14
石秀,蔡庆,9
石秀,宣赞,6
石秀,关胜,7
石秀,郝思文,5
石秀,王定六,3
石秀,安道全,8
石秀,焦挺,5
石秀,单廷,5
石秀,魏定国,6
石秀,鲍旭,8
石秀,郁保四,2
石秀,董平,7
石秀,张清,6
石秀,龚旺,4
石秀,丁得孙,5
石秀,皇甫端,4
时迁,杜兴,10
时迁,李应,8
时迁,扈三娘,3
时迁,解珍,20
时迁,解宝,18
时迁,乐和,17
时迁,顾大嫂,15
时迁,邹渊,10
时迁,邹润,5
时迁,孙立,11
时迁,汤隆,49
时迁,呼延灼,13
时迁,韩滔,8
时迁,彭圯,7
时迁,凌振,8
时迁,徐宁,45
时迁,樊瑞,6
时迁,项充,6
时迁,李衮,6
时迁,段景住,15
时迁,卢俊义,16
时迁,燕青,9
时迁,蔡福,4
时迁,蔡庆,3
时迁,宣赞,11
时迁,关胜,13
时迁,郝思文,11
时迁,王定六,6
时迁,安道全,4
时迁,焦挺,10
时迁,单廷,11
时迁,魏定国,13
时迁,鲍旭,9
时迁,郁保四,11
时迁,董平,5
时迁,张清,8
时迁,龚旺,4
时迁,丁得孙,5
时迁,皇甫端,3
杜兴,李应,28
杜兴,扈三娘,5
杜兴,解珍,9
杜兴,解宝,9
杜兴,乐和,7
杜兴,顾大嫂,9
杜兴,邹渊,9
杜兴,邹润,4
杜兴,孙立,11
杜兴,汤隆,7
杜兴,呼延灼,10
杜兴,韩滔,8
杜兴,彭圯,4
杜兴,凌振,6
杜兴,徐宁,7
杜兴,樊瑞,6
杜兴,项充,5
杜兴,李衮,5
杜兴,段景住,4
杜兴,卢俊义,8
杜兴,燕青,4
杜兴,蔡福,4
杜兴,蔡庆,4
杜兴,宣赞,5
杜兴,关胜,8
杜兴,郝思文,5
杜兴,王定六,3
杜兴,安道全,5
杜兴,焦挺,2
杜兴,单廷,2
杜兴,魏定国,2
杜兴,鲍旭,3
杜兴,郁保四,3
杜兴,董平,7
杜兴,张清,5
杜兴,龚旺,3
杜兴,丁得孙,3
杜兴,皇甫端,3
李应,扈三娘,6
李应,解珍,17
李应,解宝,17
李应,乐和,7
李应,顾大嫂,11
李应,邹渊,8
李应,邹润,4
李应,孙立,16
李应,汤隆,5
李应,呼延灼,21
李应,韩滔,9
李应,彭圯,3
李应,凌振,8
李应,徐宁,17
李应,樊瑞,11
李应,项充,11
李应,李衮,11
李应,段景住,4
李应,卢俊义,11
李应,燕青,10
李应,蔡福,5
李应,蔡庆,5
李应,宣赞,8
李应,关胜,19
李应,郝思文,7
李应,王定六,2
李应,安道全,8
李应,焦挺,3
李应,单廷,7
李应,魏定国,6
李应,鲍旭,5
李应,郁保四,3
李应,董平,8
李应,张清,11
李应,龚旺,3
李应,丁得孙,3
李应,皇甫端,6
扈三娘,解珍,8
扈三娘,解宝,8
扈三娘,乐和,3
扈三娘,顾大嫂,23
扈三娘,邹渊,4
扈三娘,邹润,3
扈三娘,孙立,9
扈三娘,汤隆,11
扈三娘,呼延灼,8
扈三娘,韩滔,8
扈三娘,彭圯,4
扈三娘,凌振,8
扈三娘,徐宁,7
扈三娘,樊瑞,11
扈三娘,项充,9
扈三娘,李衮,9
扈三娘,段景住,3
扈三娘,卢俊义,5
扈三娘,燕青,3
扈三娘,蔡福,5
扈三娘,蔡庆,4
扈三娘,宣赞,3
扈三娘,关胜,4
扈三娘,郝思文,3
扈三娘,王定六,2
扈三娘,安道全,3
扈三娘,焦挺,3
扈三娘,单廷,4
扈三娘,魏定国,4
扈三娘,鲍旭,7
扈三娘,郁保四,3
扈三娘,董平,4
扈三娘,张清,9
扈三娘,龚旺,2
扈三娘,丁得孙,2
扈三娘,皇甫端,2
解珍,解宝,156
解珍,乐和,19
解珍,顾大嫂,19
解珍,邹渊,19
解珍,邹润,8
解珍,孙立,17
解珍,汤隆,11
解珍,呼延灼,21
解珍,韩滔,12
解珍,彭圯,4
解珍,凌振,12
解珍,徐宁,17
解珍,樊瑞,17
解珍,项充,16
解珍,李衮,17
解珍,段景住,13
解珍,卢俊义,23
解珍,燕青,19
解珍,蔡福,8
解珍,蔡庆,6
解珍,宣赞,5
解珍,关胜,12
解珍,郝思文,5
解珍,王定六,6
解珍,安道全,12
解珍,焦挺,3
解珍,单廷,7
解珍,魏定国,8
解珍,鲍旭,8
解珍,郁保四,7
解珍,董平,10
解珍,张清,16
解珍,龚旺,5
解珍,丁得孙,4
解珍,皇甫端,6
解宝,乐和,19
解宝,顾大嫂,20
解宝,邹渊,21
解宝,邹润,9
解宝,孙立,17
解宝,汤隆,11
解宝,呼延灼,22
解宝,韩滔,12
解宝,彭圯,4
解宝,凌振,12
解宝,徐宁,17
解宝,樊瑞,16
解宝,项充,15
解宝,李衮,16
解宝,段景住,13
解宝,卢俊义,22
解宝,燕青,21
解宝,蔡福,8
解宝,蔡庆,6
解宝,宣赞,5
解宝,关胜,12
解宝,郝思文,5
解宝,王定六,6
解宝,安道全,12
解宝,焦挺,3
解宝,单廷,7
解宝,魏定国,8
解宝,鲍旭,8
解宝,郁保四,7
解宝,董平,10
解宝,张清,16
解宝,龚旺,5
解宝,丁得孙,4
解宝,皇甫端,6
乐和,顾大嫂,17
乐和,邹渊,12
乐和,邹润,3
乐和,孙立,14
乐和,汤隆,9
乐和,呼延灼,7
乐和,韩滔,5
乐和,彭圯,5
乐和,凌振,7
乐和,徐宁,8
乐和,樊瑞,6
乐和,项充,5
乐和,李衮,5
乐和,段景住,9
乐和,卢俊义,10
乐和,燕青,24
乐和,蔡福,8
乐和,蔡庆,7
乐和,宣赞,5
乐和,关胜,5
乐和,郝思文,5
乐和,王定六,7
乐和,安道全,7
乐和,焦挺,5
乐和,单廷,5
乐和,魏定国,5
乐和,鲍旭,5
乐和,郁保四,5
乐和,董平,2
乐和,张清,3
乐和,龚旺,3
乐和,丁得孙,2
乐和,皇甫端,8
顾大嫂,邹渊,14
顾大嫂,邹润,6
顾大嫂,孙立,21
顾大嫂,汤隆,17
顾大嫂,呼延灼,14
顾大嫂,韩滔,12
顾大嫂,彭圯,6
顾大嫂,凌振,11
顾大嫂,徐宁,9
顾大嫂,樊瑞,12
顾大嫂,项充,9
顾大嫂,李衮,9
顾大嫂,段景住,6
顾大嫂,卢俊义,10
顾大嫂,燕青,8
顾大嫂,蔡福,5
顾大嫂,蔡庆,7
顾大嫂,宣赞,5
顾大嫂,关胜,7
顾大嫂,郝思文,5
顾大嫂,王定六,6
顾大嫂,安道全,5
顾大嫂,焦挺,4
顾大嫂,单廷,6
顾大嫂,魏定国,7
顾大嫂,鲍旭,5
顾大嫂,郁保四,4
顾大嫂,董平,10
顾大嫂,张清,13
顾大嫂,龚旺,4
顾大嫂,丁得孙,4
顾大嫂,皇甫端,4
邹渊,邹润,19
邹渊,孙立,13
邹渊,汤隆,9
邹渊,呼延灼,8
邹渊,韩滔,9
邹渊,彭圯,3
邹渊,凌振,4
邹渊,徐宁,6
邹渊,樊瑞,5
邹渊,项充,5
邹渊,李衮,5
邹渊,段景住,2
邹渊,卢俊义,13
邹渊,燕青,8
邹渊,蔡福,9
邹渊,蔡庆,8
邹渊,宣赞,5
邹渊,关胜,4
邹渊,郝思文,5
邹渊,王定六,3
邹渊,安道全,4
邹渊,焦挺,7
邹渊,单廷,4
邹渊,魏定国,5
邹渊,鲍旭,4
邹渊,郁保四,3
邹渊,董平,5
邹渊,张清,6
邹渊,龚旺,7
邹渊,丁得孙,9
邹渊,皇甫端,2
邹润,孙立,5
邹润,汤隆,6
邹润,呼延灼,5
邹润,韩滔,5
邹润,凌振,3
邹润,徐宁,4
邹润,樊瑞,5
邹润,项充,4
邹润,李衮,4
邹润,段景住,2
邹润,卢俊义,10
邹润,燕青,5
邹润,蔡福,3
邹润,蔡庆,5
邹润,宣赞,4
邹润,关胜,3
邹润,郝思文,4
邹润,王定六,3
邹润,安道全,4
邹润,焦挺,7
邹润,单廷,4
邹润,魏定国,5
邹润,鲍旭,4
邹润,郁保四,2
邹润,董平,5
邹润,张清,6
邹润,龚旺,8
邹润,丁得孙,8
邹润,皇甫端,3
孙立,汤隆,12
孙立,呼延灼,31
孙立,韩滔,29
孙立,彭圯,13
孙立,凌振,11
孙立,徐宁,20
孙立,樊瑞,15
孙立,项充,15
孙立,李衮,15
孙立,段景住,7
孙立,卢俊义,18
孙立,燕青,7
孙立,蔡福,4
孙立,蔡庆,5
孙立,宣赞,18
孙立,关胜,17
孙立,郝思文,17
孙立,王定六,4
孙立,安道全,7
孙立,焦挺,5
孙立,单廷,15
孙立,魏定国,16
孙立,鲍旭,11
孙立,郁保四,3
孙立,董平,12
孙立,张清,11
孙立,龚旺,4
孙立,丁得孙,5
孙立,皇甫端,5
汤隆,呼延灼,23
汤隆,韩滔,12
汤隆,彭圯,8
汤隆,凌振,7
汤隆,徐宁,67
汤隆,樊瑞,6
汤隆,项充,6
汤隆,李衮,6
汤隆,段景住,4
汤隆,卢俊义,12
汤隆,燕青,5
汤隆,蔡福,6
汤隆,蔡庆,5
汤隆,宣赞,5
汤隆,关胜,6
汤隆,郝思文,5
汤隆,王定六,4
汤隆,安道全,5
汤隆,焦挺,5
汤隆,单廷,10
汤隆,魏定国,11
汤隆,鲍旭,5
汤隆,郁保四,8
汤隆,董平,7
汤隆,张清,17
汤隆,龚旺,4
汤隆,丁得孙,6
汤隆,皇甫端,4
呼延灼,韩滔,43
呼延灼,彭圯,26
呼延灼,凌振,10
呼延灼,徐宁,29
呼延灼,樊瑞,17
呼延灼,项充,21
呼延灼,李衮,21
呼延灼,段景住,8
呼延灼,卢俊义,30
呼延灼,燕青,13
呼延灼,蔡福,3
呼延灼,蔡庆,4
呼延灼,宣赞,22
呼延灼,关胜,60
呼延灼,郝思文,20
呼延灼,王定六,4
呼延灼,安道全,6
呼延灼,焦挺,4
呼延灼,单廷,11
呼延灼,魏定国,14
呼延灼,鲍旭,8
呼延灼,郁保四,4
呼延灼,董平,28
呼延灼,张清,17
呼延灼,龚旺,8
呼延灼,丁得孙,5
呼延灼,皇甫端,5
韩滔,彭圯,22
韩滔,凌振,8
韩滔,徐宁,24
韩滔,樊瑞,8
韩滔,项充,12
韩滔,李衮,12
韩滔,段景住,5
韩滔,卢俊义,17
韩滔,燕青,7
韩滔,蔡福,4
韩滔,蔡庆,4
韩滔,宣赞,20
韩滔,关胜,17
韩滔,郝思文,21
韩滔,王定六,3
韩滔,安道全,5
韩滔,焦挺,5
韩滔,单廷,13
韩滔,魏定国,14
韩滔,鲍旭,7
韩滔,郁保四,4
韩滔,董平,14
韩滔,张清,10
韩滔,龚旺,4
韩滔,丁得孙,4
韩滔,皇甫端,3
彭圯,凌振,3
彭圯,徐宁,5
彭圯,樊瑞,2
彭圯,项充,2
彭圯,李衮,2
彭圯,段景住,1
彭圯,卢俊义,3
彭圯,燕青,2
彭圯,宣赞,1
彭圯,关胜,2
彭圯,郝思文,1
彭圯,安道全,1
凌振,徐宁,7
凌振,樊瑞,18
凌振,项充,18
凌振,李衮,17
凌振,段景住,6
凌振,卢俊义,8
凌振,燕青,6
凌振,蔡福,5
凌振,蔡庆,4
凌振,宣赞,6
凌振,关胜,13
凌振,郝思文,6
凌振,王定六,3
凌振,安道全,8
凌振,焦挺,2
凌振,单廷,4
凌振,魏定国,4
凌振,鲍旭,13
凌振,郁保四,7
凌振,董平,3
凌振,张清,5
凌振,龚旺,2
凌振,丁得孙,2
凌振,皇甫端,6
徐宁,樊瑞,16
徐宁,项充,17
徐宁,李衮,17
徐宁,段景住,8
徐宁,卢俊义,16
徐宁,燕青,6
徐宁,蔡福,5
徐宁,蔡庆,5
徐宁,宣赞,12
徐宁,关胜,22
徐宁,郝思文,22
徐宁,王定六,4
徐宁,安道全,9
徐宁,焦挺,4
徐宁,单廷,14
徐宁,魏定国,14
徐宁,鲍旭,9
徐宁,郁保四,10
徐宁,董平,22
徐宁,张清,31
徐宁,龚旺,5
徐宁,丁得孙,5
徐宁,皇甫端,5
樊瑞,项充,52
樊瑞,李衮,49
樊瑞,段景住,9
樊瑞,卢俊义,16
樊瑞,燕青,12
樊瑞,蔡福,7
樊瑞,蔡庆,8
樊瑞,宣赞,8
樊瑞,关胜,16
樊瑞,郝思文,8
樊瑞,王定六,4
樊瑞,安道全,9
樊瑞,焦挺,7
樊瑞,单廷,12
樊瑞,魏定国,12
樊瑞,鲍旭,24
樊瑞,郁保四,6
樊瑞,董平,7
樊瑞,张清,15
樊瑞,龚旺,7
樊瑞,丁得孙,7
樊瑞,皇甫端,7
项充,李衮,90
项充,段景住,9
项充,卢俊义,20
项充,燕青,12
项充,蔡福,8
项充,蔡庆,7
项充,宣赞,9
项充,关胜,19
项充,郝思文,12
项充,王定六,4
项充,安道全,8
项充,焦挺,7
项充,单廷,8
项充,魏定国,9
项充,鲍旭,49
项充,郁保四,6
项充,董平,9
项充,张清,14
项充,龚旺,7
项充,丁得孙,8
项充,皇甫端,6
李衮,段景住,9
李衮,卢俊义,19
李衮,燕青,12
李衮,蔡福,8
李衮,蔡庆,7
李衮,宣赞,9
李衮,关胜,19
李衮,郝思文,11
李衮,王定六,4
李衮,安道全,8
李衮,焦挺,6
李衮,单廷,9
李衮,魏定国,10
李衮,鲍旭,45
李衮,郁保四,6
李衮,董平,9
李衮,张清,13
李衮,龚旺,6
李衮,丁得孙,6
李衮,皇甫端,6
段景住,卢俊义,10
段景住,燕青,3
段景住,蔡福,6
段景住,蔡庆,6
段景住,宣赞,5
段景住,关胜,6
段景住,郝思文,5
段景住,王定六,7
段景住,安道全,4
段景住,焦挺,4
段景住,单廷,6
段景住,魏定国,6
段景住,鲍旭,7
段景住,郁保四,11
段景住,董平,2
段景住,张清,4
段景住,龚旺,2
段景住,丁得孙,2
段景住,皇甫端,4
卢俊义,燕青,71
卢俊义,蔡福,34
卢俊义,蔡庆,17
卢俊义,宣赞,13
卢俊义,关胜,29
卢俊义,郝思文,16
卢俊义,王定六,5
卢俊义,安道全,8
卢俊义,焦挺,6
卢俊义,单廷,14
卢俊义,魏定国,15
卢俊义,鲍旭,13
卢俊义,郁保四,7
卢俊义,董平,20
卢俊义,张清,27
卢俊义,龚旺,10
卢俊义,丁得孙,11
卢俊义,皇甫端,7
燕青,蔡福,16
燕青,蔡庆,14
燕青,宣赞,6
燕青,关胜,11
燕青,郝思文,7
燕青,王定六,5
燕青,安道全,5
燕青,焦挺,3
燕青,单廷,5
燕青,魏定国,6
燕青,鲍旭,4
燕青,郁保四,3
燕青,董平,8
燕青,张清,10
燕青,龚旺,6
燕青,丁得孙,6
燕青,皇甫端,4
蔡福,蔡庆,28
蔡福,宣赞,4
蔡福,关胜,4
蔡福,郝思文,4
蔡福,王定六,6
蔡福,安道全,4
蔡福,焦挺,3
蔡福,单廷,4
蔡福,魏定国,4
蔡福,鲍旭,5
蔡福,郁保四,8
蔡福,董平,3
蔡福,张清,4
蔡福,龚旺,3
蔡福,丁得孙,3
蔡福,皇甫端,3
蔡庆,宣赞,4
蔡庆,关胜,5
蔡庆,郝思文,4
蔡庆,王定六,6
蔡庆,安道全,5
蔡庆,焦挺,3
蔡庆,单廷,4
蔡庆,魏定国,4
蔡庆,鲍旭,5
蔡庆,郁保四,10
蔡庆,董平,3
蔡庆,张清,5
蔡庆,龚旺,3
蔡庆,丁得孙,3
蔡庆,皇甫端,4
宣赞,关胜,58
宣赞,郝思文,54
宣赞,王定六,6
宣赞,安道全,5
宣赞,焦挺,13
宣赞,单廷,23
宣赞,魏定国,24
宣赞,鲍旭,12
宣赞,郁保四,4
宣赞,董平,8
宣赞,张清,8
宣赞,龚旺,4
宣赞,丁得孙,4
宣赞,皇甫端,3
关胜,郝思文,46
关胜,王定六,4
关胜,安道全,7
关胜,焦挺,13
关胜,单廷,37
关胜,魏定国,36
关胜,鲍旭,19
关胜,郁保四,5
关胜,董平,19
关胜,张清,19
关胜,龚旺,2
关胜,丁得孙,2
关胜,皇甫端,4
郝思文,王定六,5
郝思文,安道全,6
郝思文,焦挺,13
郝思文,单廷,23
郝思文,魏定国,24
郝思文,鲍旭,13
郝思文,郁保四,4
郝思文,董平,8
郝思文,张清,8
郝思文,龚旺,6
郝思文,丁得孙,6
郝思文,皇甫端,3
王定六,安道全,19
王定六,焦挺,5
王定六,单廷,6
王定六,魏定国,7
王定六,鲍旭,5
王定六,郁保四,11
王定六,董平,7
王定六,张清,4
王定六,龚旺,3
王定六,丁得孙,3
王定六,皇甫端,3
安道全,焦挺,2
安道全,单廷,4
安道全,魏定国,4
安道全,鲍旭,5
安道全,郁保四,5
安道全,董平,6
安道全,张清,16
安道全,龚旺,2
安道全,丁得孙,2
安道全,皇甫端,12
焦挺,单廷,13
焦挺,魏定国,13
焦挺,鲍旭,13
焦挺,郁保四,3
焦挺,董平,4
焦挺,张清,7
焦挺,龚旺,7
焦挺,丁得孙,8
焦挺,皇甫端,3
单廷,魏定国,64
单廷,鲍旭,13
单廷,郁保四,6
单廷,董平,8
单廷,张清,9
单廷,龚旺,3
单廷,丁得孙,5
单廷,皇甫端,4
魏定国,鲍旭,13
魏定国,郁保四,6
魏定国,董平,9
魏定国,张清,10
魏定国,龚旺,4
魏定国,丁得孙,6
魏定国,皇甫端,4
鲍旭,郁保四,4
鲍旭,董平,9
鲍旭,张清,7
鲍旭,龚旺,5
鲍旭,丁得孙,5
鲍旭,皇甫端,4
郁保四,董平,7
郁保四,张清,7
郁保四,龚旺,2
郁保四,丁得孙,2
郁保四,皇甫端,5
董平,张清,48
董平,龚旺,14
董平,丁得孙,11
董平,皇甫端,5
张清,龚旺,23
张清,丁得孙,21
张清,皇甫端,10
龚旺,丁得孙,28
龚旺,皇甫端,3
丁得孙,皇甫端,3
